model,slug,product_name,category,current_plan,current_months,current_price,current_promo,pdf_plan,pdf_months,pdf_price,pdf_promo,difference,status,source_pdf,source_page,confidence,notes
WD516AN,wd516an,เครื่องกรองน้ำ LG PuriCare รุ่น WD516AN,เครื่องกรองน้ำ,Outright ผ่อน 9 งวด | ทุก 6 เดือน,24,34110,"ราคาเต็ม ฿37,900 ลด 10% = ฿34,110",Visit 2Y | ทุก 6 เดือน,24,34110,"ลด 10% จาก ฿37,900",0,NEEDS_MANUAL_REVIEW,Price list_Aug_V3.pdf,3,low,PDF model cell says WD516 or WD518 across both Visit/Self rows; row-to-model allocation is ambiguous. | Current advance payment: ฿34110 | PDF policy: OUT_VISIT_2Y_DC10%_2026
WD516AN,wd516an,เครื่องกรองน้ำ LG PuriCare รุ่น WD516AN,เครื่องกรองน้ำ,Visit 5 ปี (60 เดือน) | ไม่มีบริการ,60,799,บิลแรก ฿149 + โปร 50% เดือน 2-12,Visit 5Y | ทุก 6 เดือน,60,799,บิลแรก ฿149 + ลด 50% รอบบิล 2-12,0,MATCH,Price list_Aug_V3.pdf,4,high,Verified by rendered page because vector table extraction returned no table. | PDF policy: VISIT_5Y_6M_PRO_149(1M)_DC50%(11M)
WD516AN,wd516an,เครื่องกรองน้ำ LG PuriCare รุ่น WD516AN,เครื่องกรองน้ำ,Self 5 ปี (60 เดือน) | ไม่มีบริการ,60,699,บิลแรก ฿149 + โปร 50% เดือน 2-12,Self 5Y | ทุก 6 เดือน,60,699,บิลแรก ฿149 + ลด 50% รอบบิล 2-12,0,MATCH,Price list_Aug_V3.pdf,4,high,Verified by rendered page because vector table extraction returned no table. | PDF policy: SELF_5Y_6M_PRO_149(1M)_DC50%(11M)
WD516AN,wd516an,เครื่องกรองน้ำ LG PuriCare รุ่น WD516AN,เครื่องกรองน้ำ,Visit 7 ปี (84 เดือน) | ไม่มีบริการ,84,599,บิลแรก ฿149 + โปร 50% เดือน 2-12,Visit 7Y | ทุก 6 เดือน,84,599,บิลแรก ฿149 + ลด 50% รอบบิล 2-12,0,MATCH,Price list_Aug_V3.pdf,4,high,Verified by rendered page because vector table extraction returned no table. | PDF policy: VISIT_7Y_6M_PRO_149(1M)_DC50%(11M)
WD516AN,wd516an,เครื่องกรองน้ำ LG PuriCare รุ่น WD516AN,เครื่องกรองน้ำ,Self 7 ปี (84 เดือน) | ไม่มีบริการ,84,499,บิลแรก ฿149 + โปร 50% เดือน 2-12,Self 7Y | ทุก 6 เดือน,84,499,บิลแรก ฿149 + ลด 50% รอบบิล 2-12,0,MATCH,Price list_Aug_V3.pdf,4,high,Verified by rendered page because vector table extraction returned no table. | PDF policy: SELF_7Y_6M_PRO_149(1M)_DC50%(11M)
WD518AN,wd518an,เครื่องกรองน้ำ LG PuriCare รุ่น WD518AN,เครื่องกรองน้ำ,Outright ผ่อน 9 งวด | ทุก 6 เดือน,24,31410,"ราคาเต็ม ฿34,900 ลด 10% = ฿31,410",Self 2Y | ทุก 6 เดือน,24,31410,"ลด 10% จาก ฿34,900",0,NEEDS_MANUAL_REVIEW,Price list_Aug_V3.pdf,3,low,PDF model cell says WD516 or WD518 across both Visit/Self rows; row-to-model allocation is ambiguous. | Current advance payment: ฿31410 | PDF policy: OUT_SELF_2Y_DC10%_2026
WD518AN,wd518an,เครื่องกรองน้ำ LG PuriCare รุ่น WD518AN,เครื่องกรองน้ำ,Visit 5 ปี (60 เดือน) | ไม่มีบริการ,60,799,บิลแรก ฿149 + โปร 50% เดือน 2-12,Visit 5Y | ทุก 6 เดือน,60,799,บิลแรก ฿149 + ลด 50% รอบบิล 2-12,0,MATCH,Price list_Aug_V3.pdf,4,high,Verified by rendered page because vector table extraction returned no table. | PDF policy: VISIT_5Y_6M_PRO_149(1M)_DC50%(11M)
WD518AN,wd518an,เครื่องกรองน้ำ LG PuriCare รุ่น WD518AN,เครื่องกรองน้ำ,Self 5 ปี (60 เดือน) | ไม่มีบริการ,60,699,บิลแรก ฿149 + โปร 50% เดือน 2-12,Self 5Y | ทุก 6 เดือน,60,699,บิลแรก ฿149 + ลด 50% รอบบิล 2-12,0,MATCH,Price list_Aug_V3.pdf,4,high,Verified by rendered page because vector table extraction returned no table. | PDF policy: SELF_5Y_6M_PRO_149(1M)_DC50%(11M)
WD518AN,wd518an,เครื่องกรองน้ำ LG PuriCare รุ่น WD518AN,เครื่องกรองน้ำ,Visit 7 ปี (84 เดือน) | ไม่มีบริการ,84,599,บิลแรก ฿149 + โปร 50% เดือน 2-12,Visit 7Y | ทุก 6 เดือน,84,599,บิลแรก ฿149 + ลด 50% รอบบิล 2-12,0,MATCH,Price list_Aug_V3.pdf,4,high,Verified by rendered page because vector table extraction returned no table. | PDF policy: VISIT_7Y_6M_PRO_149(1M)_DC50%(11M)
WD518AN,wd518an,เครื่องกรองน้ำ LG PuriCare รุ่น WD518AN,เครื่องกรองน้ำ,Self 7 ปี (84 เดือน) | ไม่มีบริการ,84,499,บิลแรก ฿149 + โปร 50% เดือน 2-12,Self 7Y | ทุก 6 เดือน,84,499,บิลแรก ฿149 + ลด 50% รอบบิล 2-12,0,MATCH,Price list_Aug_V3.pdf,4,high,Verified by rendered page because vector table extraction returned no table. | PDF policy: SELF_7Y_6M_PRO_149(1M)_DC50%(11M)
WD110MN,wd110mn,เครื่องกรองน้ำ LG PuriCare รุ่น WD110MN,เครื่องกรองน้ำ,Visit 5 ปี (60 เดือน) | ไม่มีบริการ,60,549,บิลแรก ฿149 + โปร 50% เดือน 2-12,Visit 5Y | ทุก 6 เดือน,60,549,บิลแรก ฿149 + ลด 50% รอบบิล 2-12,0,MATCH,Price list_Aug_V3.pdf,4,high,Verified by rendered page because vector table extraction returned no table. | PDF policy: VISIT_5Y_6M_PRO_149(1M)_DC50%(11M)
WD110MN,wd110mn,เครื่องกรองน้ำ LG PuriCare รุ่น WD110MN,เครื่องกรองน้ำ,Self 5 ปี (60 เดือน) | ไม่มีบริการ,60,499,บิลแรก ฿149 + โปร 50% เดือน 2-12,Self 5Y | ทุก 6 เดือน,60,499,บิลแรก ฿149 + ลด 50% รอบบิล 2-12,0,MATCH,Price list_Aug_V3.pdf,4,high,Verified by rendered page because vector table extraction returned no table. | PDF policy: SELF_5Y_6M_PRO_149(1M)_DC50%(11M)
WD110MN,wd110mn,เครื่องกรองน้ำ LG PuriCare รุ่น WD110MN,เครื่องกรองน้ำ,Visit 7 ปี (84 เดือน) | ไม่มีบริการ,84,449,บิลแรก ฿149 + โปร 50% เดือน 2-12,Visit 7Y | ทุก 6 เดือน,84,449,บิลแรก ฿149 + ลด 50% รอบบิล 2-12,0,MATCH,Price list_Aug_V3.pdf,4,high,Verified by rendered page because vector table extraction returned no table. | PDF policy: VISIT_7Y_6M_PRO_149(1M)_DC50%(11M)
WD110MN,wd110mn,เครื่องกรองน้ำ LG PuriCare รุ่น WD110MN,เครื่องกรองน้ำ,Self 7 ปี (84 เดือน) | ไม่มีบริการ,84,399,บิลแรก ฿149 + โปร 50% เดือน 2-12,Self 7Y | ทุก 6 เดือน,84,399,บิลแรก ฿149 + ลด 50% รอบบิล 2-12,0,MATCH,Price list_Aug_V3.pdf,4,high,Verified by rendered page because vector table extraction returned no table. | PDF policy: SELF_7Y_6M_PRO_149(1M)_DC50%(11M)
A9T-ULTRA,a9t-ultra,เครื่องดูดฝุ่น LG CordZero™ รุ่น A9T-ULTRA แบบด้ามจับ All-in-One Tower พร้อม Smart WI-FI control,เครื่องดูดฝุ่น,Self 5 ปี (60 เดือน) | ไม่มีบริการ,60,749,บิลแรก ฿149 + โปร 50% เดือน 2-3,Self 5Y | ทุกๆ 12 เดอื น,60,749,•ราคา 149.-(1 รอบบลิ แรก) •ลด 50% 2 เดอื น (รอบบลิ ท ่ี2-3),0,MATCH,Price list_Aug_V3.pdf,5,high,PDF policy: SELF_5Y_12M_PRO_149(1M)_DC50%(2M)
A9T-CORE,a9t-core,เครื่องดูดฝุ่น LG CordZero™ รุ่น A9T-CORE แบบด้ามจับ All-in-One Tower,เครื่องดูดฝุ่น,Self 5 ปี (60 เดือน) | ไม่มีบริการ,60,649,บิลแรก ฿149,Self 5Y | ทุกๆ 12 เดอื น,60,649,•ราคา 149.-(1 รอบบลิ แรก),0,MATCH,Price list_Aug_V3.pdf,5,high,PDF policy: SELF_5Y_12M_PRO_149(1M)
A9T-LITE,a9t-lite,เครื่องดูดฝุ่น LG CordZero™ รุ่น A9T-LITE แบบด้ามจับ All-in-One Tower,เครื่องดูดฝุ่น,Self 5 ปี (60 เดือน) | ไม่มีบริการ,60,549,บิลแรก ฿149,Self 5Y | ทุกๆ 12 เดอื น,60,549,•ราคา 149.-(1 รอบบลิ แรก),0,MATCH,Price list_Aug_V3.pdf,5,high,PDF policy: SELF_5Y_12M_PRO_149(1M)
GC-L257KQKW,gc-l257kqkw,ตู้เย็น Side by Side GC-L257KQKW 22.4 คิว,ตู้เย็น Side by Side,Visit 5 ปี (60 เดือน) | ไม่มีบริการ,60,749,โปร 50% เดือน 1-3,Visit 5Y | ทุกๆ24 เดอื น,60,749,Disc.50% (3 รอบบิล),0,MATCH,Sale Price8 - Subscription_V3.pdf,2,high,PDF policy: VISIT_5Y_24M
GC-L257KQKW,gc-l257kqkw,ตู้เย็น Side by Side GC-L257KQKW 22.4 คิว,ตู้เย็น Side by Side,Visit 6 ปี (72 เดือน) | ไม่มีบริการ,72,649,โปร 50% เดือน 1-3,Visit 6Y | ทุกๆ24 เดอื น,72,649,Disc.50% (3 รอบบิล),0,MATCH,Sale Price8 - Subscription_V3.pdf,2,high,PDF policy: VISIT_6Y_24M
GC-B257SQYL,gc-b257sqyl,ตู้เย็น Side by Side GC-B257SQYL 22.9 คิว,ตู้เย็น Side by Side,Visit 5 ปี (60 เดือน) | ไม่มีบริการ,60,549,บิลแรก ฿149,Visit 5Y | ทุกๆ24 เดอื น,60,549,Promotion Aug 149 (1st Billing),0,MATCH,Sale Price8 - Subscription_V3.pdf,3,high,PDF policy: VISIT_5Y_24M
GC-B257SQYL,gc-b257sqyl,ตู้เย็น Side by Side GC-B257SQYL 22.9 คิว,ตู้เย็น Side by Side,Visit 6 ปี (72 เดือน) | ไม่มีบริการ,72,449,บิลแรก ฿149,Visit 6Y | ทุกๆ24 เดอื น,72,449,Promotion Aug 149 (1st Billing),0,MATCH,Sale Price8 - Subscription_V3.pdf,3,high,PDF policy: VISIT_6Y_24M
GC-X257CMHW,gc-x257cmhw,ตู้เย็น Side by Side ขนาด 22.4 คิว ระบบ Inverter Compressor,ตู้เย็น Side by Side,Visit 5 ปี (60 เดือน) | ไม่มีบริการ,60,1449,บิลแรก ฿149,Visit 5Y | ทุกๆ6 เดอื น,60,1449,ราคา 149.-(1รอบบลิ แรก),0,MATCH,Price list_Aug_V3.pdf,7,high,PDF policy: VISIT_5Y_6M_PRO_149(1M)_ADD_ WATERFILTER
GC-X257CMHW,gc-x257cmhw,ตู้เย็น Side by Side ขนาด 22.4 คิว ระบบ Inverter Compressor,ตู้เย็น Side by Side,Visit 6 ปี (72 เดือน) | ไม่มีบริการ,72,1249,บิลแรก ฿149,Visit 6Y | ทุกๆ6 เดอื น,72,1249,ราคา 149.-(1รอบบลิ แรก),0,MATCH,Price list_Aug_V3.pdf,7,high,PDF policy: VISIT_6Y_6M_PRO_149(1M)_ADD_ WATERFILTER
GC-L257SFZW,gc-l257sfzw,ตู้เย็น Side-by-Side 22.4 คิว รองรับ Smart Wi-Fi,ตู้เย็น Side by Side,Visit 5 ปี (60 เดือน) | ไม่มีบริการ,60,849,บิลแรก ฿149,Visit 5Y | ทุกๆ24 เดอื น,60,849,ราคา 149.-(1รอบบลิ แรก),0,MATCH,Price list_Aug_V3.pdf,7,high,PDF policy: VISIT_5Y_24M_PRO_149(1M)
GC-L257SFZW,gc-l257sfzw,ตู้เย็น Side-by-Side 22.4 คิว รองรับ Smart Wi-Fi,ตู้เย็น Side by Side,Visit 6 ปี (72 เดือน) | ไม่มีบริการ,72,749,บิลแรก ฿149,Visit 6Y | ทุกๆ24 เดอื น,72,749,ราคา 149.-(1รอบบลิ แรก),0,MATCH,Price list_Aug_V3.pdf,7,high,PDF policy: VISIT_6Y_24M_PRO_149(1M)
GC-X257CMEW,gc-x257cmew,ตู้เย็น InstaView Side by Side 22.4 คิว GC-X257CMEW Smart Inverter Compressor™,ตู้เย็น Side by Side,Visit 5 ปี (60 เดือน) | ไม่มีบริการ,60,1249,บิลแรก ฿149 + โปร 50% เดือน 2-8,Visit 5Y | ทุกๆ24 เดอื น,60,1249,•ราคา 149.-(1รอบบลิ แรก) •ลด 50% 7 เดอื น (รอบบลิ ท ่ี2-8),0,MATCH,Price list_Aug_V3.pdf,8,high,PDF policy: VISIT_5Y_24M_PRO_149(1M)_DC50%(7M)
GC-X257CMEW,gc-x257cmew,ตู้เย็น InstaView Side by Side 22.4 คิว GC-X257CMEW Smart Inverter Compressor™,ตู้เย็น Side by Side,Visit 6 ปี (72 เดือน) | ไม่มีบริการ,72,1049,บิลแรก ฿149 + โปร 50% เดือน 2-8,Visit 6Y | ทุกๆ24 เดอื น,72,1049,•ราคา 149.-(1รอบบลิ แรก) •ลด 50% 7 เดอื น (รอบบลิ ท ่ี2-8),0,MATCH,Price list_Aug_V3.pdf,8,high,PDF policy: VISIT_6Y_24M_PRO_149(1M)_DC50%(7M)
GC-J257SQZW,gc-j257sqzw,ตู้เย็น Side by Side GC-J257SQZW 22.4 คิว,ตู้เย็น Side by Side,Visit 5 ปี (60 เดือน) | ไม่มีบริการ,60,1049,บิลแรก ฿149 + โปร 50% เดือน 2-3,Visit 5Y | ทุกๆ24 เดอื น,60,1049,•ราคา 149.-(1รอบบลิ แรก) •ลด 50% 2 เดอื น (รอบบลิ ท ่ี2-3),0,MATCH,Price list_Aug_V3.pdf,8,high,PDF policy: VISIT_5Y_24M_PRO_149(1M)_DC50%(2M)
GC-J257SQZW,gc-j257sqzw,ตู้เย็น Side by Side GC-J257SQZW 22.4 คิว,ตู้เย็น Side by Side,Visit 6 ปี (72 เดือน) | ไม่มีบริการ,72,899,บิลแรก ฿149 + โปร 50% เดือน 2-3,Visit 6Y | ทุกๆ24 เดอื น,72,899,•ราคา 149.-(1รอบบลิ แรก) •ลด 50%2 เดอื น (รอบบลิ ท ่ี2-3),0,MATCH,Price list_Aug_V3.pdf,8,high,PDF policy: VISIT_6Y_24M_PRO_149(1M)_DC50%(2M)
GV-B25FFGDB,gv-b25ffgdb,ตู้เย็น Multi-Door GV-B25FFGDB ขนาด 21.6 คิว ระบบ Smart Inverter Compressor,ตู้เย็น Multi-Door,Visit 5 ปี (60 เดือน) | ไม่มีบริการ,60,699,บิลแรก ฿149,Visit 5Y | ทุกๆ24 เดอื น,60,699,Promotion Aug 149 (1st Billing),0,MATCH,Sale Price8 - Subscription_V3.pdf,2,high,PDF policy: VISIT_5Y_24M
GV-B25FFGDB,gv-b25ffgdb,ตู้เย็น Multi-Door GV-B25FFGDB ขนาด 21.6 คิว ระบบ Smart Inverter Compressor,ตู้เย็น Multi-Door,Visit 6 ปี (72 เดือน) | ไม่มีบริการ,72,599,บิลแรก ฿149,Visit 6Y | ทุกๆ24 เดอื น,72,599,Promotion Aug 149 (1st Billing),0,MATCH,Sale Price8 - Subscription_V3.pdf,2,high,PDF policy: VISIT_6Y_24M
GC-L24FFCBB + MS2032GAS,gc-l24ffcbb,ตู้เย็น Multi-Door GC-L24FFCBB 22.6 คิว ระบบ Smart Inverter Compressor,ตู้เย็น Multi-Door,Visit 5 ปี (60 เดือน) | ไม่มีบริการ,60,1249,บิลแรก ฿149 + โปร 50% เดือน 2-3,Visit 5Y | ทุกๆ6 เดอื น,60,1249,•ราคา 149.-(1รอบบลิ แรก) •ลด 50% 2 เดอื น (รอบบลิ ท ่ี2-3) •แถมฟร ีไมโครเวฟ,0,MATCH,Price list_Aug_V3.pdf,6,high,PDF policy: VISIT_5Y_6M_PRO_149(1M)_DC50%(2M)_FREE_GIFT_ ADD_WATERFILTER
GC-L24FFCBB + MS2032GAS,gc-l24ffcbb,ตู้เย็น Multi-Door GC-L24FFCBB 22.6 คิว ระบบ Smart Inverter Compressor,ตู้เย็น Multi-Door,Visit 6 ปี (72 เดือน) | ไม่มีบริการ,72,1049,บิลแรก ฿149 + โปร 50% เดือน 2-3,Visit 6Y | ทุกๆ6 เดอื น,72,1049,•ราคา 149.-(1รอบบลิ แรก) •ลด 50% 2 เดอื น (รอบบลิ ท ่ี2-3) •แถมฟรี ไมโครเวฟ,0,MATCH,Price list_Aug_V3.pdf,6,high,PDF policy: VISIT_6Y_6M_PRO_149(1M)_DC50%(2M)_FREE_GIFT_ ADD_WATERFILTER
GC-G24FFQKB,gc-g24ffqkb,ตู้เย็น InstaView Multi-Door 22.5 คิว GC-G24FFQKB Smart Inverter Compressor,ตู้เย็น Multi-Door,Visit 5 ปี (60 เดือน) | ไม่มีบริการ,60,1349,บิลแรก ฿149 + โปร 50% เดือน 2-8,Visit 5Y | ทุกๆ24 เดอื น,60,1349,•ราคา 149.-(1รอบบลิ แรก) •ลด 50% 7 เดอื น (รอบบลิ ท ่ี2-8),0,MATCH,Price list_Aug_V3.pdf,9,high,PDF policy: VISIT_5Y_24M_PRO_149(1M)_DC50%(7M)
GC-G24FFQKB,gc-g24ffqkb,ตู้เย็น InstaView Multi-Door 22.5 คิว GC-G24FFQKB Smart Inverter Compressor,ตู้เย็น Multi-Door,Visit 6 ปี (72 เดือน) | ไม่มีบริการ,72,1149,บิลแรก ฿149 + โปร 50% เดือน 2-8,Visit 6Y | ทุกๆ24 เดอื น,72,1149,•ราคา 149.-(1รอบบลิ แรก) •ลด 50% 7 เดอื น (รอบบลิ ท ่ี2-8),0,MATCH,Price list_Aug_V3.pdf,9,high,PDF policy: VISIT_6Y_24M_PRO_149(1M)_DC50%(7M)
GC-V22FFQMB,gc-v22ffqmb,ตู้เย็น InstaView Multi-Door 18.7 คิว GC-V22FFQMB Smart Inverter,ตู้เย็น Multi-Door,Visit 5 ปี (60 เดือน) | ไม่มีบริการ,60,949,บิลแรก ฿149 + โปร 50% เดือน 2-3,Visit 5Y | ทุกๆ24 เดอื น,60,949,•ราคา 149.-(1รอบบลิ แรก) •ลด 50% 2 เดอื น (รอบบลิ ท ่ี2-3),0,MATCH,Price list_Aug_V3.pdf,9,high,PDF policy: VISIT_5Y_24M_PRO_149(1M)_DC50%(2M)
GC-V22FFQMB,gc-v22ffqmb,ตู้เย็น InstaView Multi-Door 18.7 คิว GC-V22FFQMB Smart Inverter,ตู้เย็น Multi-Door,Visit 6 ปี (72 เดือน) | ไม่มีบริการ,72,799,บิลแรก ฿149 + โปร 50% เดือน 2-3,Visit 6Y | ทุกๆ24 เดอื น,72,799,•ราคา 149.-(1รอบบลิ แรก) •ลด 50% 2 เดอื น (รอบบลิ ท ่ี2-3),0,MATCH,Price list_Aug_V3.pdf,9,high,PDF policy: VISIT_6Y_24M_PRO_149(1M)_DC50%(2M)
GC-B48FPGAM,gc-b48fpgam,ตู้เย็น Multi-Door ขนาด 17.4 คิว ระบบ Inverter Compressor,ตู้เย็น Multi-Door,Visit 5 ปี (60 เดือน) | ไม่มีบริการ,60,799,บิลแรก ฿149 + โปร 50% เดือน 2-3,Visit 5Y | ทุกๆ24 เดอื น,60,799,•ราคา 149.-(1รอบบลิ แรก) •ลด 50% 2 เดอื น (รอบบลิ ท ่ี2-3),0,MATCH,Price list_Aug_V3.pdf,10,high,PDF policy: VISIT_5Y_24M_PRO_149(1M)_DC50%(2M)
GC-B48FPGAM,gc-b48fpgam,ตู้เย็น Multi-Door ขนาด 17.4 คิว ระบบ Inverter Compressor,ตู้เย็น Multi-Door,Visit 6 ปี (72 เดือน) | ไม่มีบริการ,72,699,บิลแรก ฿149 + โปร 50% เดือน 2-3,Visit 6Y | ทุกๆ24 เดอื น,72,699,•ราคา 149.-(1รอบบลิ แรก) •ลด 50% 2 เดอื น (รอบบลิ ท ่ี2-3),0,MATCH,Price list_Aug_V3.pdf,10,high,PDF policy: VISIT_6Y_24M_PRO_149(1M)_DC50%(2M)
GV-V25FFGRB,gv-v25ffgrb,ตู้เย็น InstaView Multi-Door 21.6 คิว GV-V25FFGRB Smart Inverter Compressor,ตู้เย็น Multi-Door,Visit 5 ปี (60 เดือน) | ไม่มีบริการ,60,999,บิลแรก ฿149,Visit 5Y | ทุกๆ24 เดอื น,60,999,•ราคา 149.-(1รอบบลิ แรก),0,MATCH,Price list_Aug_V3.pdf,11,high,PDF policy: VISIT_5Y_24M_PRO_149(1M)
GV-V25FFGRB,gv-v25ffgrb,ตู้เย็น InstaView Multi-Door 21.6 คิว GV-V25FFGRB Smart Inverter Compressor,ตู้เย็น Multi-Door,Visit 6 ปี (72 เดือน) | ไม่มีบริการ,72,949,บิลแรก ฿149,Visit 6Y | ทุกๆ24 เดอื น,72,949,•ราคา 149.-(1รอบบลิ แรก),0,MATCH,Price list_Aug_V3.pdf,11,high,PDF policy: VISIT_6Y_24M_PRO_149(1M)
GN-F392PQAK,gn-f392pqak,ตู้เย็น 2 ประตู 13.9 คิว Smart Inverter Compressor,ตู้เย็น 2 ประตู,Visit 5 ปี (60 เดือน) | ไม่มีบริการ,60,449,โปร 50% เดือน 1-3,Visit 5Y | ทุกๆ24 เดอื น,60,449,Disc.50% (3 รอบบิล),0,MATCH,Sale Price8 - Subscription_V3.pdf,3,high,PDF policy: VISIT_5Y_24M
GN-F392PQAK,gn-f392pqak,ตู้เย็น 2 ประตู 13.9 คิว Smart Inverter Compressor,ตู้เย็น 2 ประตู,Visit 6 ปี (72 เดือน) | ไม่มีบริการ,72,349,โปร 50% เดือน 1-3,Visit 6Y | ทุกๆ24 เดอื น,72,349,Disc.50% (3 รอบบิล),0,MATCH,Sale Price8 - Subscription_V3.pdf,3,high,PDF policy: VISIT_6Y_24M
GN-F452PQAK,gn-f452pqak,ตู้เย็น 2 ประตู ขนาด 16.2 คิว ระบบ Smart Inverter,ตู้เย็น 2 ประตู,Visit 5 ปี (60 เดือน) | ไม่มีบริการ,60,599,บิลแรก ฿149 + โปร 50% เดือน 2-3,Visit 5Y | ทุกๆ24 เดอื น,60,599,• ราคา 149.-(1รอบบลิ แรก) •ลด 50% 2 เดอื น (รอบบลิ ท ่ี2-3),0,MATCH,Price list_Aug_V3.pdf,12,high,PDF policy: VISIT_5Y_24M_PRO_149(1M)_DC50%(2M)
GN-F452PQAK,gn-f452pqak,ตู้เย็น 2 ประตู ขนาด 16.2 คิว ระบบ Smart Inverter,ตู้เย็น 2 ประตู,Visit 6 ปี (72 เดือน) | ไม่มีบริการ,72,499,บิลแรก ฿149 + โปร 50% เดือน 2-3,Visit 6Y | ทุกๆ24 เดอื น,72,499,• ราคา 149.-(1รอบบลิ แรก) • ลด 50% 2 เดอื น (รอบบลิ ท ่ี2-3),0,MATCH,Price list_Aug_V3.pdf,12,high,PDF policy: VISIT_6Y_24M_PRO_149(1M)_DC50%(2M)
GN-V389FQEF,gn-v389fqef,ตู้เย็น 2 ประตู InstaView 12 คิว ระบบ Smart Inverter,ตู้เย็น 2 ประตู,Visit 5 ปี (60 เดือน) | ไม่มีบริการ,60,649,บิลแรก ฿149 + โปร 50% เดือน 2-3,Visit 5Y | ทุกๆ24 เดอื น,60,649,• ราคา 149.-(1รอบบลิ แรก) • ลด 50% 2 เดอื น (รอบบลิ ท ่ี2-3),0,MATCH,Price list_Aug_V3.pdf,12,high,PDF policy: VISIT_5Y_24M_PRO_149(1M)_DC50%(2M)
GN-V389FQEF,gn-v389fqef,ตู้เย็น 2 ประตู InstaView 12 คิว ระบบ Smart Inverter,ตู้เย็น 2 ประตู,Visit 6 ปี (72 เดือน) | ไม่มีบริการ,72,549,บิลแรก ฿149 + โปร 50% เดือน 2-3,Visit 6Y | ทุกๆ24 เดอื น,72,549,• ราคา 149.-(1รอบบลิ แรก) • ลด 50% 2 เดอื น (รอบบลิ ท ่ี2-3),0,MATCH,Price list_Aug_V3.pdf,12,high,PDF policy: VISIT_6Y_24M_PRO_149(1M)_DC50%(2M)
WT2520NHEG,wt2520nheg,เครื่องซักอบผ้า LG WashTower 25/20 กก. AI DD™ พร้อม Smart WI-FI control,Wash Tower,Visit 5 ปี (60 เดือน) | ไม่มีบริการ,60,2399,บิลแรก ฿149 + โปร 50% เดือน 2-12,Visit 5Y | ทุกๆ12 เดอื น,60,2399,•ราคา 149.-(1รอบบลิ แรก) •ลด 50% 11 เดอื น (รอบบลิ ท ่ี2-12),0,MATCH,Price list_Aug_V3.pdf,13,high,PDF policy: VISIT_5Y_12M_PRO_149(1M)_DC50%(11M)
WT2520NHEG,wt2520nheg,เครื่องซักอบผ้า LG WashTower 25/20 กก. AI DD™ พร้อม Smart WI-FI control,Wash Tower,Self 5 ปี (60 เดือน) | ไม่มีบริการ,60,2199,บิลแรก ฿149 + โปร 50% เดือน 2-12,Self 5Y | ทุกๆ12 เดอื น,60,2199,•ราคา 149.-(1รอบบลิ แรก) •ลด 50% 11 เดอื น (รอบบลิ ท ่ี2-12),0,MATCH,Price list_Aug_V3.pdf,13,high,PDF policy: SELF_5Y_12M_PRO_149(1M)_DC50%(11M)
WT2520NHEG,wt2520nheg,เครื่องซักอบผ้า LG WashTower 25/20 กก. AI DD™ พร้อม Smart WI-FI control,Wash Tower,Visit 6 ปี (72 เดือน) | ไม่มีบริการ,72,2199,บิลแรก ฿149 + โปร 50% เดือน 2-12,Visit 6Y | ทุกๆ12 เดอื น,72,2199,•ราคา 149.-(1รอบบลิ แรก) •ลด 50% 11 เดอื น (รอบบลิ ท ่ี2-12),0,MATCH,Price list_Aug_V3.pdf,13,high,PDF policy: VISIT_6Y_12M_PRO_149(1M)_DC50%(11M)
WT2520NHEG,wt2520nheg,เครื่องซักอบผ้า LG WashTower 25/20 กก. AI DD™ พร้อม Smart WI-FI control,Wash Tower,Self 6 ปี (72 เดือน) | ไม่มีบริการ,72,1999,บิลแรก ฿149 + โปร 50% เดือน 2-12,Self 6Y | ทุกๆ12 เดอื น,72,1999,•ราคา 149.-(1รอบบลิ แรก) •ลด 50% 11 เดอื น (รอบบลิ ท ่ี2-12),0,MATCH,Price list_Aug_V3.pdf,13,high,PDF policy: SELF_6Y_12M_PRO_149(1M)_DC50%(11M)
WT2116SHEG,wt2116sheg,เครื่องซักอบผ้า LG WashTower 21/16 กก. AI DD™ พร้อม Smart WI-FI control,Wash Tower,Visit 5 ปี (60 เดือน) | ไม่มีบริการ,60,1999,บิลแรก ฿149 + โปร 50% เดือน 2-12,Visit 5Y | ทุกๆ12 เดอื น,60,1999,•ราคา 149.-(1รอบบลิ แรก) •ลด 50% 11 เดอื น (รอบบลิ ท ่ี2-12),0,MATCH,Price list_Aug_V3.pdf,15,high,PDF policy: VISIT_5Y_12M_PRO_149(1M)_DC50%(11M)
WT2116SHEG,wt2116sheg,เครื่องซักอบผ้า LG WashTower 21/16 กก. AI DD™ พร้อม Smart WI-FI control,Wash Tower,Self 5 ปี (60 เดือน) | ไม่มีบริการ,60,1899,บิลแรก ฿149 + โปร 50% เดือน 2-12,Self 5Y | ทุกๆ12 เดอื น,60,1899,•ราคา 149.-(1รอบบลิ แรก) •ลด 50% 11 เดอื น (รอบบลิ ท ่ี2-12),0,MATCH,Price list_Aug_V3.pdf,15,high,PDF policy: SELF_5Y_12M_PRO_149(1M)_DC50%(11M)
WT2116SHEG,wt2116sheg,เครื่องซักอบผ้า LG WashTower 21/16 กก. AI DD™ พร้อม Smart WI-FI control,Wash Tower,Visit 6 ปี (72 เดือน) | ไม่มีบริการ,72,1749,บิลแรก ฿149 + โปร 50% เดือน 2-12,Visit 6Y | ทุกๆ12 เดอื น,72,1749,•ราคา 149.-(1รอบบลิ แรก) •ลด 50% 11 เดอื น (รอบบลิ ท ่ี2-12),0,MATCH,Price list_Aug_V3.pdf,15,high,PDF policy: VISIT_6Y_12M_PRO_149(1M)_DC50%(11M)
WT2116SHEG,wt2116sheg,เครื่องซักอบผ้า LG WashTower 21/16 กก. AI DD™ พร้อม Smart WI-FI control,Wash Tower,Self 6 ปี (72 เดือน) | ไม่มีบริการ,72,1649,บิลแรก ฿149 + โปร 50% เดือน 2-12,Self 6Y | ทุกๆ12 เดอื น,72,1649,•ราคา 149.-(1รอบบลิ แรก) •ลด 50% 11 เดอื น (รอบบลิ ท ่ี2-12),0,MATCH,Price list_Aug_V3.pdf,15,high,PDF policy: SELF_6Y_12M_PRO_149(1M)_DC50%(11M)
WT1410NHEG,wt1410nheg,เครื่องซักอบผ้า LG WashTower 14/10 กก. AI DD™ พร้อม Smart WI-FI control,Wash Tower,Visit 5 ปี (60 เดือน) | ไม่มีบริการ,60,1599,บิลแรก ฿149 + โปร 50% เดือน 2-12,Visit 5Y | ทุกๆ12 เดอื น,60,1599,•ราคา 149.-(1รอบบลิ แรก) •ลด 50% 11 เดอื น (รอบบลิ ท ่ี2-12),0,MATCH,Price list_Aug_V3.pdf,16,high,PDF policy: VISIT_5Y_12M_PRO_149(1M)_DC50%(11M)
WT1410NHEG,wt1410nheg,เครื่องซักอบผ้า LG WashTower 14/10 กก. AI DD™ พร้อม Smart WI-FI control,Wash Tower,Self 5 ปี (60 เดือน) | ไม่มีบริการ,60,1499,บิลแรก ฿149 + โปร 50% เดือน 2-12,Self 5Y | ทุกๆ12 เดอื น,60,1499,•ราคา 149.-(1รอบบลิ แรก) •ลด 50% 11 เดอื น (รอบบลิ ท ่ี2-12),0,MATCH,Price list_Aug_V3.pdf,16,high,PDF policy: SELF_5Y_12M_PRO_149(1M)_DC50%(11M)
WT1410NHEG,wt1410nheg,เครื่องซักอบผ้า LG WashTower 14/10 กก. AI DD™ พร้อม Smart WI-FI control,Wash Tower,Visit 6 ปี (72 เดือน) | ไม่มีบริการ,72,1399,บิลแรก ฿149 + โปร 50% เดือน 2-12,Visit 6Y | ทุกๆ12 เดอื น,72,1399,•ราคา 149.-(1รอบบลิ แรก) •ลด 50% 11 เดอื น (รอบบลิ ท ่ี2-12),0,MATCH,Price list_Aug_V3.pdf,16,high,PDF policy: VISIT_6Y_12M_PRO_149(1M)_DC50%(11M)
WT1410NHEG,wt1410nheg,เครื่องซักอบผ้า LG WashTower 14/10 กก. AI DD™ พร้อม Smart WI-FI control,Wash Tower,Self 6 ปี (72 เดือน) | ไม่มีบริการ,72,1299,บิลแรก ฿149 + โปร 50% เดือน 2-12,Self 6Y | ทุกๆ12 เดอื น,72,1299,•ราคา 149.-(1รอบบลิ แรก) •ลด 50% 11 เดอื น (รอบบลิ ท ่ี2-12),0,MATCH,Price list_Aug_V3.pdf,16,high,PDF policy: SELF_6Y_12M_PRO_149(1M)_DC50%(11M)
WT2520NHEN,wt2520nhen,เครื่องซักอบผ้า LG WashTower 25/20 กก. (Navy/Beige) AI DD™ พร้อม Smart WI-FI control,Wash Tower,Visit 5 ปี (60 เดือน) | ไม่มีบริการ,60,2399,บิลแรก ฿149 + โปร 50% เดือน 2-12,Visit 5Y | ทุกๆ12 เดอื น,60,2399,•ราคา 149.-(1รอบบลิ แรก) •ลด 50% 11 เดอื น (รอบบลิ ท ่ี2-12),0,MATCH,Price list_Aug_V3.pdf,14,high,PDF policy: VISIT_5Y_12M_PRO_149(1M)_DC50%(11M)
WT2520NHEN,wt2520nhen,เครื่องซักอบผ้า LG WashTower 25/20 กก. (Navy/Beige) AI DD™ พร้อม Smart WI-FI control,Wash Tower,Self 5 ปี (60 เดือน) | ไม่มีบริการ,60,2199,บิลแรก ฿149 + โปร 50% เดือน 2-12,Self 5Y | ทุกๆ12 เดอื น,60,2199,•ราคา 149.-(1รอบบลิ แรก) •ลด 50% 11 เดอื น (รอบบลิ ท ่ี2-12),0,MATCH,Price list_Aug_V3.pdf,14,high,PDF policy: SELF_5Y_12M_PRO_149(1M)_DC50%(11M)
WT2520NHEN,wt2520nhen,เครื่องซักอบผ้า LG WashTower 25/20 กก. (Navy/Beige) AI DD™ พร้อม Smart WI-FI control,Wash Tower,Visit 6 ปี (72 เดือน) | ไม่มีบริการ,72,2199,บิลแรก ฿149 + โปร 50% เดือน 2-12,Visit 6Y | ทุกๆ12 เดอื น,72,2199,•ราคา 149.-(1รอบบลิ แรก) •ลด 50% 11 เดอื น (รอบบลิ ท ่ี2-12),0,MATCH,Price list_Aug_V3.pdf,14,high,PDF policy: VISIT_6Y_12M_PRO_149(1M)_DC50%(11M)
WT2520NHEN,wt2520nhen,เครื่องซักอบผ้า LG WashTower 25/20 กก. (Navy/Beige) AI DD™ พร้อม Smart WI-FI control,Wash Tower,Self 6 ปี (72 เดือน) | ไม่มีบริการ,72,1999,บิลแรก ฿149 + โปร 50% เดือน 2-12,Self 6Y | ทุกๆ12 เดอื น,72,1999,•ราคา 149.-(1รอบบลิ แรก) •ลด 50% 11 เดอื น (รอบบลิ ท ่ี2-12),0,MATCH,Price list_Aug_V3.pdf,14,high,PDF policy: SELF_6Y_12M_PRO_149(1M)_DC50%(11M)
WT1410NHEN,wt1410nhen,เครื่องซักอบผ้า LG WashTower 14/10 กก. (Navy/Beige) AI DD™ พร้อม Smart WI-FI control,Wash Tower,Visit 5 ปี (60 เดือน) | ไม่มีบริการ,60,1599,บิลแรก ฿149 + โปร 50% เดือน 2-12,Visit 5Y | ทุกๆ12 เดอื น,60,1599,•ราคา 149.-(1รอบบลิ แรก) •ลด 50% 11 เดอื น (รอบบลิ ท ่ี2-12),0,MATCH,Price list_Aug_V3.pdf,17,high,PDF policy: VISIT_5Y_12M_PRO_149(1M)_DC50%(11M)
WT1410NHEN,wt1410nhen,เครื่องซักอบผ้า LG WashTower 14/10 กก. (Navy/Beige) AI DD™ พร้อม Smart WI-FI control,Wash Tower,Self 5 ปี (60 เดือน) | ไม่มีบริการ,60,1499,บิลแรก ฿149 + โปร 50% เดือน 2-12,Self 5Y | ทุกๆ12 เดอื น,60,1499,•ราคา 149.-(1รอบบลิ แรก) •ลด 50% 11 เดอื น (รอบบลิ ท ่ี2-12),0,MATCH,Price list_Aug_V3.pdf,17,high,PDF policy: SELF_5Y_12M_PRO_149(1M)_DC50%(11M)
WT1410NHEN,wt1410nhen,เครื่องซักอบผ้า LG WashTower 14/10 กก. (Navy/Beige) AI DD™ พร้อม Smart WI-FI control,Wash Tower,Visit 6 ปี (72 เดือน) | ไม่มีบริการ,72,1399,บิลแรก ฿149 + โปร 50% เดือน 2-12,Visit 6Y | ทุกๆ12 เดอื น,72,1399,•ราคา 149.-(1รอบบลิ แรก) •ลด 50% 11 เดอื น (รอบบลิ ท ่ี2-12),0,MATCH,Price list_Aug_V3.pdf,17,high,PDF policy: VISIT_6Y_12M_PRO_149(1M)_DC50%(11M)
WT1410NHEN,wt1410nhen,เครื่องซักอบผ้า LG WashTower 14/10 กก. (Navy/Beige) AI DD™ พร้อม Smart WI-FI control,Wash Tower,Self 6 ปี (72 เดือน) | ไม่มีบริการ,72,1299,บิลแรก ฿149 + โปร 50% เดือน 2-12,Self 6Y | ทุกๆ12 เดอื น,72,1299,•ราคา 149.-(1รอบบลิ แรก) •ลด 50% 11 เดอื น (รอบบลิ ท ่ี2-12),0,MATCH,Price list_Aug_V3.pdf,17,high,PDF policy: SELF_6Y_12M_PRO_149(1M)_DC50%(11M)
FV1409H4W,fv1409h4w,เครื่องซักผ้า FV1409H4W ซัก 9 กก. / อบ 5 กก.,เครื่องซักผ้า ฝาหน้า,Visit 5 ปี (60 เดือน) | ไม่มีบริการ,60,399,โปร 50% เดือน 1-8,Visit 5Y | ทุกๆ12 เดอื น,60,399,Disc.50% (8 รอบบิล),0,MATCH,Sale Price8 - Subscription_V3.pdf,4,high,PDF policy: VISIT_5Y_12M_DC50%8M_AUG
FV1409H4W,fv1409h4w,เครื่องซักผ้า FV1409H4W ซัก 9 กก. / อบ 5 กก.,เครื่องซักผ้า ฝาหน้า,Self 5 ปี (60 เดือน) | ไม่มีบริการ,60,349,โปร 50% เดือน 1-8,Self 5Y | ทุกๆ12 เดอื น,60,349,Disc.50% (8 รอบบิล),0,MATCH,Sale Price8 - Subscription_V3.pdf,4,high,PDF policy: SELF_5Y_12M_DC50%8M_AUG
FV1409H4W,fv1409h4w,เครื่องซักผ้า FV1409H4W ซัก 9 กก. / อบ 5 กก.,เครื่องซักผ้า ฝาหน้า,Visit 6 ปี (72 เดือน) | ไม่มีบริการ,72,349,โปร 50% เดือน 1-8,Visit 6Y | ทุกๆ12 เดอื น,72,349,Disc.50% (8 รอบบิล),0,MATCH,Sale Price8 - Subscription_V3.pdf,4,high,PDF policy: VISIT_6Y_12M_DC50%8M_AUG
FV1409H4W,fv1409h4w,เครื่องซักผ้า FV1409H4W ซัก 9 กก. / อบ 5 กก.,เครื่องซักผ้า ฝาหน้า,Self 6 ปี (72 เดือน) | ไม่มีบริการ,72,299,โปร 50% เดือน 1-8,Self 6Y | ทุกๆ12 เดอื น,72,299,Disc.50% (8 รอบบิล),0,MATCH,Sale Price8 - Subscription_V3.pdf,4,high,PDF policy: SELF_6Y_12M_DC50%8M_AUG
F2520RNTB,f2520rntb,เครื่องซักผ้าฝาหน้า ซัก 20 / อบ 10 กก. F2520RNTB ระบบ AI DD™,เครื่องซักผ้า ฝาหน้า,Visit 5 ปี (60 เดือน) | ไม่มีบริการ,60,899,บิลแรก ฿149 + โปร 50% เดือน 2-8,Visit 5Y | ทุกๆ12 เดอื น,60,899,•ราคา 149.-(1รอบบลิ แรก) •ลด 50% 7 เดอื น (รอบบลิ ท ่ี2-8),0,MATCH,Price list_Aug_V3.pdf,18,high,PDF policy: VISIT_5Y_12M_PRO_149(1M)_DC50%(7M)
F2520RNTB,f2520rntb,เครื่องซักผ้าฝาหน้า ซัก 20 / อบ 10 กก. F2520RNTB ระบบ AI DD™,เครื่องซักผ้า ฝาหน้า,Self 5 ปี (60 เดือน) | ไม่มีบริการ,60,849,บิลแรก ฿149 + โปร 50% เดือน 2-8,Self 5Y | ทุกๆ12 เดอื น,60,849,•ราคา 149.-(1รอบบลิ แรก) •ลด 50% 7 เดอื น (รอบบลิ ท ่ี2-8),0,MATCH,Price list_Aug_V3.pdf,18,high,PDF policy: SELF_5Y_12M_PRO_149(1M)_DC50%(7M)
F2520RNTB,f2520rntb,เครื่องซักผ้าฝาหน้า ซัก 20 / อบ 10 กก. F2520RNTB ระบบ AI DD™,เครื่องซักผ้า ฝาหน้า,Visit 6 ปี (72 เดือน) | ไม่มีบริการ,72,849,บิลแรก ฿149 + โปร 50% เดือน 2-8,Visit 6Y | ทุกๆ12 เดอื น,72,849,•ราคา 149.-(1รอบบลิ แรก) •ลด 50% 7 เดอื น (รอบบลิ ท ่ี2-8),0,MATCH,Price list_Aug_V3.pdf,18,high,PDF policy: VISIT_6Y_12M_PRO_149(1M)_DC50%(7M)
F2520RNTB,f2520rntb,เครื่องซักผ้าฝาหน้า ซัก 20 / อบ 10 กก. F2520RNTB ระบบ AI DD™,เครื่องซักผ้า ฝาหน้า,Self 6 ปี (72 เดือน) | ไม่มีบริการ,72,799,บิลแรก ฿149 + โปร 50% เดือน 2-8,Self 6Y | ทุกๆ12 เดอื น,72,799,•ราคา 149.-(1รอบบลิ แรก) •ลด 50% 7 เดอื น (รอบบลิ ท ่ี2-8),0,MATCH,Price list_Aug_V3.pdf,18,high,PDF policy: SELF_6Y_12M_PRO_149(1M)_DC50%(7M)
FV1413H4M,fv1413h4m,เครื่องซักผ้า 13 กก. / อบ 8 กก. ระบบ AI DD™ พร้อม Smart WI-FI control,เครื่องซักผ้า ฝาหน้า,Visit 5 ปี (60 เดือน) | ไม่มีบริการ,60,749,บิลแรก ฿149 + โปร 50% เดือน 2-8,Visit 5Y | ทุกๆ12 เดอื น,60,749,•ราคา 149.-(1รอบบลิ แรก) •ลด 50% 7 เดอื น (รอบบลิ ท ่ี2-8),0,MATCH,Price list_Aug_V3.pdf,19,high,PDF policy: VISIT_5Y_12M_PRO_149(1M)_DC50%(7M)
FV1413H4M,fv1413h4m,เครื่องซักผ้า 13 กก. / อบ 8 กก. ระบบ AI DD™ พร้อม Smart WI-FI control,เครื่องซักผ้า ฝาหน้า,Self 5 ปี (60 เดือน) | ไม่มีบริการ,60,649,บิลแรก ฿149 + โปร 50% เดือน 2-8,Self 5Y | ทุกๆ12 เดอื น,60,649,•ราคา 149.-(1รอบบลิ แรก) •ลด 50% 7 เดอื น (รอบบลิ ท ่ี2-8),0,MATCH,Price list_Aug_V3.pdf,19,high,PDF policy: SELF_5Y_12M_PRO_149(1M)_DC50%(7M)
FV1413H4M,fv1413h4m,เครื่องซักผ้า 13 กก. / อบ 8 กก. ระบบ AI DD™ พร้อม Smart WI-FI control,เครื่องซักผ้า ฝาหน้า,Visit 6 ปี (72 เดือน) | ไม่มีบริการ,72,649,บิลแรก ฿149 + โปร 50% เดือน 2-8,Visit 6Y | ทุกๆ12 เดอื น,72,649,•ราคา 149.-(1รอบบลิ แรก) •ลด 50% 7 เดอื น (รอบบลิ ท ่ี2-8),0,MATCH,Price list_Aug_V3.pdf,19,high,PDF policy: VISIT_6Y_12M_PRO_149(1M)_DC50%(7M)
FV1413H4M,fv1413h4m,เครื่องซักผ้า 13 กก. / อบ 8 กก. ระบบ AI DD™ พร้อม Smart WI-FI control,เครื่องซักผ้า ฝาหน้า,Self 6 ปี (72 เดือน) | ไม่มีบริการ,72,599,บิลแรก ฿149 + โปร 50% เดือน 2-8,Self 6Y | ทุกๆ12 เดอื น,72,599,•ราคา 149.-(1รอบบลิ แรก) •ลด 50% 7 เดอื น (รอบบลิ ท ่ี2-8),0,MATCH,Price list_Aug_V3.pdf,19,high,PDF policy: SELF_6Y_12M_PRO_149(1M)_DC50%(7M)
FV1413S4M,fv1413s4m,เครื่องซักผ้า 13 กก. AI DD™,เครื่องซักผ้า ฝาหน้า,Visit 5 ปี (60 เดือน) | ไม่มีบริการ,60,699,บิลแรก ฿149 + โปร 50% เดือน 2-3,Visit 5Y | ทุกๆ12 เดอื น,60,699,•ราคา 149.-(1รอบบลิ แรก) •ลด 50% 2 เดอื น (รอบบลิ ท ่ี2-3),0,MATCH,Price list_Aug_V3.pdf,20,high,PDF policy: VISIT_5Y_12M_PRO_149(1M)_DC50%(2M)
FV1413S4M,fv1413s4m,เครื่องซักผ้า 13 กก. AI DD™,เครื่องซักผ้า ฝาหน้า,Self 5 ปี (60 เดือน) | ไม่มีบริการ,60,599,บิลแรก ฿149 + โปร 50% เดือน 2-3,Self 5Y | ทุกๆ12 เดอื น,60,599,•ราคา 149.-(1รอบบลิ แรก) •ลด 50% 2 เดอื น (รอบบลิ ท ่ี2-3),0,MATCH,Price list_Aug_V3.pdf,20,high,PDF policy: SELF_5Y_12M_PRO_149(1M)_DC50%(2M)
FV1413S4M,fv1413s4m,เครื่องซักผ้า 13 กก. AI DD™,เครื่องซักผ้า ฝาหน้า,Visit 6 ปี (72 เดือน) | ไม่มีบริการ,72,599,บิลแรก ฿149 + โปร 50% เดือน 2-3,Visit 6Y | ทุกๆ12 เดอื น,72,599,•ราคา 149.-(1รอบบลิ แรก) •ลด 50% 2 เดอื น (รอบบลิ ท ่ี2-3),0,MATCH,Price list_Aug_V3.pdf,20,high,PDF policy: VISIT_6Y_12M_PRO_149(1M)_DC50%(2M)
FV1413S4M,fv1413s4m,เครื่องซักผ้า 13 กก. AI DD™,เครื่องซักผ้า ฝาหน้า,Self 6 ปี (72 เดือน) | ไม่มีบริการ,72,549,บิลแรก ฿149 + โปร 50% เดือน 2-3,Self 6Y | ทุกๆ12 เดอื น,72,549,•ราคา 149.-(1รอบบลิ แรก) •ลด 50% 2 เดอื น (รอบบลิ ท ่ี2-3),0,MATCH,Price list_Aug_V3.pdf,20,high,PDF policy: SELF_6Y_12M_PRO_149(1M)_DC50%(2M)
TX2723ST5J,tx2723st5j,เครื่องซักผ้าฝาบน 23 กก. ระบบ Inverter Direct Drive,เครื่องซักผ้า ฝาบน,Visit 5 ปี (60 เดือน) | ไม่มีบริการ,60,649,บิลแรก ฿149 + โปร 50% เดือน 2-3,Visit 5Y | ทุกๆ 12 เดอื น,60,649,•ราคา 149.-(1รอบบลิ แรก) •ลด 50% 2 เดอื น (รอบบลิ ท ่ี2-3),0,MATCH,Price list_Aug_V3.pdf,21,high,PDF policy: VISIT_5Y_12M_PRO_149(1M)_DC50%(2M)
TX2723ST5J,tx2723st5j,เครื่องซักผ้าฝาบน 23 กก. ระบบ Inverter Direct Drive,เครื่องซักผ้า ฝาบน,Self 5 ปี (60 เดือน) | ไม่มีบริการ,60,599,บิลแรก ฿149 + โปร 50% เดือน 2-3,Self 5Y | ทุกๆ 12 เดอื น,60,599,•ราคา 149.-(1รอบบลิ แรก) •ลด 50% 2 เดอื น (รอบบลิ ท ่ี2-3),0,MATCH,Price list_Aug_V3.pdf,21,high,PDF policy: SELF_5Y_12M_PRO_149(1M)_DC50%(2M)
TX2723ST5J,tx2723st5j,เครื่องซักผ้าฝาบน 23 กก. ระบบ Inverter Direct Drive,เครื่องซักผ้า ฝาบน,Visit 6 ปี (72 เดือน) | ไม่มีบริการ,72,599,บิลแรก ฿149 + โปร 50% เดือน 2-3,Visit 6Y | ทุกๆ 12 เดอื น,72,599,•ราคา 149.-(1รอบบลิ แรก) •ลด 50% 2 เดอื น (รอบบลิ ท ่ี2-3),0,MATCH,Price list_Aug_V3.pdf,21,high,PDF policy: VISIT_6Y_12M_PRO_149(1M)_DC50%(2M)
TX2723ST5J,tx2723st5j,เครื่องซักผ้าฝาบน 23 กก. ระบบ Inverter Direct Drive,เครื่องซักผ้า ฝาบน,Self 6 ปี (72 เดือน) | ไม่มีบริการ,72,549,บิลแรก ฿149 + โปร 50% เดือน 2-3,Self 6Y | ทุกๆ 12 เดอื น,72,549,•ราคา 149.-(1รอบบลิ แรก) •ลด 50% 2 เดอื น (รอบบลิ ท ่ี2-3),0,MATCH,Price list_Aug_V3.pdf,21,high,PDF policy: SELF_6Y_12M_PRO_149(1M)_DC50%(2M)
TX2315DT5G,tx2315dt5g,เครื่องซักผ้าฝาบน 15 กก. ระบบ Inverter Direct Drive,เครื่องซักผ้า ฝาบน,Visit 5 ปี (60 เดือน) | ไม่มีบริการ,60,549,บิลแรก ฿149,Visit 5Y | ทุกๆ 12 เดอื น,60,549,•ราคา 149.-(1 รอบบลิ แรก),0,MATCH,Price list_Aug_V3.pdf,22,high,PDF policy: VISIT_5Y_12M_PRO_149(1M)
TX2315DT5G,tx2315dt5g,เครื่องซักผ้าฝาบน 15 กก. ระบบ Inverter Direct Drive,เครื่องซักผ้า ฝาบน,Self 5 ปี (60 เดือน) | ไม่มีบริการ,60,449,บิลแรก ฿149,Self 5Y | ทุกๆ 12 เดอื น,60,449,•ราคา 149.-(1 รอบบลิ แรก),0,MATCH,Price list_Aug_V3.pdf,22,high,PDF policy: SELF_5Y_12M_PRO_149(1M)
TX2315DT5G,tx2315dt5g,เครื่องซักผ้าฝาบน 15 กก. ระบบ Inverter Direct Drive,เครื่องซักผ้า ฝาบน,Visit 6 ปี (72 เดือน) | ไม่มีบริการ,72,499,บิลแรก ฿149,Visit 6Y | ทุกๆ 12 เดอื น,72,499,•ราคา 149.-(1 รอบบลิ แรก),0,MATCH,Price list_Aug_V3.pdf,22,high,PDF policy: VISIT_6Y_12M_PRO_149(1M)
TX2315DT5G,tx2315dt5g,เครื่องซักผ้าฝาบน 15 กก. ระบบ Inverter Direct Drive,เครื่องซักผ้า ฝาบน,Self 6 ปี (72 เดือน) | ไม่มีบริการ,72,399,บิลแรก ฿149,Self 6Y | ทุกๆ 12 เดอื น,72,399,•ราคา 149.-(1 รอบบลิ แรก),0,MATCH,Price list_Aug_V3.pdf,22,high,PDF policy: SELF_6Y_12M_PRO_149(1M)
RV10VHP2B,rv10vhp2b,เครื่องอบผ้า ระบบ DUAL Inverter Heat Pump™ ความจุ 10 กก. พร้อม Smart WI-FI control,เครื่องอบผ้า,Visit 5 ปี (60 เดือน) | ไม่มีบริการ,60,849,บิลแรก ฿149 + โปร 50% เดือน 2-8,Visit 5Y | ทุกๆ 12 เดอื น,60,849,•ราคา 149.-(1รอบบลิ แรก) •ลด 50% 7 เดอื น (รอบบลิ ท ่ี2-8),0,MATCH,Price list_Aug_V3.pdf,23,high,PDF policy: VISIT_5Y_12M_PRO_149(1M)_DC50%(7M)
RV10VHP2B,rv10vhp2b,เครื่องอบผ้า ระบบ DUAL Inverter Heat Pump™ ความจุ 10 กก. พร้อม Smart WI-FI control,เครื่องอบผ้า,Self 5 ปี (60 เดือน) | ไม่มีบริการ,60,749,บิลแรก ฿149 + โปร 50% เดือน 2-8,Self 5Y | ทุกๆ 12 เดอื น,60,749,•ราคา 149.-(1รอบบลิ แรก) •ลด 50% 7 เดอื น (รอบบลิ ท ่ี2-8),0,MATCH,Price list_Aug_V3.pdf,23,high,PDF policy: SELF_5Y_12M_PRO_149(1M)_DC50%(7M)
RV10VHP2B,rv10vhp2b,เครื่องอบผ้า ระบบ DUAL Inverter Heat Pump™ ความจุ 10 กก. พร้อม Smart WI-FI control,เครื่องอบผ้า,Visit 6 ปี (72 เดือน) | ไม่มีบริการ,72,749,บิลแรก ฿149 + โปร 50% เดือน 2-8,Visit 6Y | ทุกๆ 12 เดอื น,72,749,•ราคา 149.-(1รอบบลิ แรก) •ลด 50% 7 เดอื น (รอบบลิ ท ่ี2-8),0,MATCH,Price list_Aug_V3.pdf,23,high,PDF policy: VISIT_6Y_12M_PRO_149(1M)_DC50%(7M)
RV10VHP2B,rv10vhp2b,เครื่องอบผ้า ระบบ DUAL Inverter Heat Pump™ ความจุ 10 กก. พร้อม Smart WI-FI control,เครื่องอบผ้า,Self 6 ปี (72 เดือน) | ไม่มีบริการ,72,649,บิลแรก ฿149 + โปร 50% เดือน 2-8,Self 6Y | ทุกๆ 12 เดอื น,72,649,•ราคา 149.-(1รอบบลิ แรก) •ลด 50% 7 เดอื น (รอบบลิ ท ่ี2-8),0,MATCH,Price list_Aug_V3.pdf,23,high,PDF policy: SELF_6Y_12M_PRO_149(1M)_DC50%(7M)
DFC335HM,dfc335hm,เครื่องล้างจาน DFC335HM สีดำ มี WI-FI control,เครื่องล้างจาน,Visit 5 ปี (60 เดือน) | ไม่มีบริการ,60,899,บิลแรก ฿149 + โปร 50% เดือน 2-8,Visit 5Y | ทุกๆ 12 เดอื น,60,899,•ราคา 149.-(1รอบบลิ แรก) •ลด 50% 7 เดอื น (รอบบลิ ท ่ี2-8),0,MATCH,Price list_Aug_V3.pdf,24,high,PDF policy: VISIT_5Y_12M_PRO_149(1M)_DC50%(7M)
DFC335HM,dfc335hm,เครื่องล้างจาน DFC335HM สีดำ มี WI-FI control,เครื่องล้างจาน,Self 5 ปี (60 เดือน) | ไม่มีบริการ,60,849,บิลแรก ฿149 + โปร 50% เดือน 2-8,Self 5Y | ทุกๆ 12 เดอื น,60,849,•ราคา 149.-(1รอบบลิ แรก) •ลด 50% 7 เดอื น (รอบบลิ ท ่ี2-8),0,MATCH,Price list_Aug_V3.pdf,24,high,PDF policy: SELF_5Y_12M_PRO_149(1M)_DC50%(7M)
DFC335HM,dfc335hm,เครื่องล้างจาน DFC335HM สีดำ มี WI-FI control,เครื่องล้างจาน,Visit 6 ปี (72 เดือน) | ไม่มีบริการ,72,799,บิลแรก ฿149 + โปร 50% เดือน 2-8,Visit 6Y | ทุกๆ 12 เดอื น,72,799,•ราคา 149.-(1รอบบลิ แรก) •ลด 50% 7 เดอื น (รอบบลิ ท ่ี2-8),0,MATCH,Price list_Aug_V3.pdf,24,high,PDF policy: VISIT_6Y_12M_PRO_149(1M)_DC50%(7M)
DFC335HM,dfc335hm,เครื่องล้างจาน DFC335HM สีดำ มี WI-FI control,เครื่องล้างจาน,Self 6 ปี (72 เดือน) | ไม่มีบริการ,72,749,บิลแรก ฿149 + โปร 50% เดือน 2-8,Self 6Y | ทุกๆ 12 เดอื น,72,749,•ราคา 149.-(1รอบบลิ แรก) •ลด 50% 7 เดอื น (รอบบลิ ท ่ี2-8),0,MATCH,Price list_Aug_V3.pdf,24,high,PDF policy: SELF_6Y_12M_PRO_149(1M)_DC50%(7M)
DFC533FV + MS2032GAS,dfc533fv,เครื่องล้างจาน DFC533FV สีเงิน WI-FI control,เครื่องล้างจาน,Visit 5 ปี (60 เดือน) | ไม่มีบริการ,60,749,บิลแรก ฿149 + โปร 50% เดือน 2-8,Visit 5Y | ทุกๆ 12 เดอื น,60,749,•ราคา 149.-(1รอบบลิ แรก) •ลด 50% 7 เดอื น (รอบบลิ ท ่ี2-8) •แถมฟร ีไมโครเวฟ,0,MATCH,Price list_Aug_V3.pdf,25,high,PDF policy: VISIT_5Y_12M_PRO_149(1M)_DC50%(7M)_FREE_GIFT
DFC533FV + MS2032GAS,dfc533fv,เครื่องล้างจาน DFC533FV สีเงิน WI-FI control,เครื่องล้างจาน,Self 5 ปี (60 เดือน) | ไม่มีบริการ,60,699,บิลแรก ฿149 + โปร 50% เดือน 2-8,Self 5Y | ทุกๆ 12 เดอื น,60,699,•ราคา 149.-(1รอบบลิ แรก) •ลด 50% 7 เดอื น (รอบบลิ ท ่ี2-8) •แถมฟร ีไมโครเวฟ,0,MATCH,Price list_Aug_V3.pdf,25,high,PDF policy: SELF_5Y_12M_PRO_149(1M)_DC50%(7M)_FREE_GIFT
DFC533FV + MS2032GAS,dfc533fv,เครื่องล้างจาน DFC533FV สีเงิน WI-FI control,เครื่องล้างจาน,Visit 6 ปี (72 เดือน) | ไม่มีบริการ,72,649,บิลแรก ฿149 + โปร 50% เดือน 2-8,Visit 6Y | ทุกๆ 12 เดอื น,72,649,•ราคา 149.-(1รอบบลิ แรก) •ลด 50% 7 เดอื น (รอบบลิ ท ่ี2-8) •แถมฟร ีไมโครเวฟ,0,MATCH,Price list_Aug_V3.pdf,25,high,PDF policy: VISIT_6Y_12M_PRO_149(1M)_DC50%(7M)_FREE_GIFT
DFC533FV + MS2032GAS,dfc533fv,เครื่องล้างจาน DFC533FV สีเงิน WI-FI control,เครื่องล้างจาน,Self 6 ปี (72 เดือน) | ไม่มีบริการ,72,599,บิลแรก ฿149 + โปร 50% เดือน 2-8,Self 6Y | ทุกๆ 12 เดอื น,72,599,•ราคา 149.-(1รอบบลิ แรก) •ลด 50% 7 เดอื น (รอบบลิ ท ่ี2-8) •แถมฟร ีไมโครเวฟ,0,MATCH,Price list_Aug_V3.pdf,25,high,PDF policy: SELF_6Y_12M_PRO_149(1M)_DC50%(7M)_FREE_GIFT
S3MFC,s3mfc,LG Styler ตู้ถนอมผ้า,ตู้ถนอมผ้า,Self 5 ปี (60 เดือน) | ไม่มีบริการ,60,899,บิลแรก ฿149 + โปร 50% เดือน 2-8,Self 5Y | ทุกๆ 12 เดอื น,60,899,• ราคา 149.-(1รอบบลิ แรก) • ลด 50% 7 เดอื น (รอบบลิ ท ่ี2-8),0,MATCH,Price list_Aug_V3.pdf,26,high,PDF policy: SELF_5Y_12M_PRO_149(1M)_DC50%(7M)
S3MFC,s3mfc,LG Styler ตู้ถนอมผ้า,ตู้ถนอมผ้า,Self 6 ปี (72 เดือน) | ไม่มีบริการ,72,799,บิลแรก ฿149 + โปร 50% เดือน 2-8,Self 6Y | ทุกๆ 12 เดอื น,72,799,• ราคา 149.-(1รอบบลิ แรก) • ลด 50% 7 เดอื น (รอบบลิ ท ่ี2-8),0,MATCH,Price list_Aug_V3.pdf,26,high,PDF policy: SELF_6Y_12M_PRO_149(1M)_DC50%(7M)
MS3032JAS,ms3032jas,ไมโครเวฟอุ่นอาหาร ขนาด 30 ลิตร สีดำ,ไมโครเวฟ,ไม่รับบริการ 6 ปี (72 เดือน) | ไม่มีบริการ,72,89,,No Service 6Y | No Service,72,89,-,0,MATCH,Price list_Aug_V3.pdf,27,high,PDF policy: NOSERVICE_6Y
MD19GQGA1,md19gqga1,เครื่องลดความชื้น LG PuriCare Dehumidifier 19 (30 ลิตร),เครื่องลดความชื้น,Visit 5 ปี (60 เดือน) | ไม่มีบริการ,60,449,โปร 50% เดือน 1-3,Visit 5Y | ทุกๆ12 เดอื น,60,449,Disc.50% (3 รอบบิล),0,MATCH,Sale Price8 - Subscription_V3.pdf,5,high,PDF policy: VISIT_5Y_12M_DC50%3M_AUG
MD19GQGA1,md19gqga1,เครื่องลดความชื้น LG PuriCare Dehumidifier 19 (30 ลิตร),เครื่องลดความชื้น,Self 5 ปี (60 เดือน) | ไม่มีบริการ,60,399,โปร 50% เดือน 1-3,Self 5Y | ทุกๆ12 เดอื น,60,399,Disc.50% (3 รอบบิล),0,MATCH,Sale Price8 - Subscription_V3.pdf,5,high,PDF policy: SELF_5Y_12M_DC50%3M_AUG
DD23GMWE1 + AS30GGW10,dd23gmwe1,เครื่องลดความชื้น LG PuriCare Dehumidifier 23 (40 ลิตร) + AeroMini (ของแถม),เครื่องลดความชื้น,Visit 5 ปี (60 เดือน) | ไม่มีบริการ,60,599,บิลแรก ฿149 + โปร 50% เดือน 2-3,Visit 5Y | ทุกๆ12 เดอื น,60,599,•ราคา 149.-(1รอบบลิ แรก) •ลด 50% 2 เดอื น (รอบบลิ ท ่ี2-3) •แถมฟรี AeroMini,0,MATCH,Price list_Aug_V3.pdf,28,high,PDF policy: VISIT_5Y_12M_PRO_149(1M)_DC50%(2M)_FREE_GIFT)
DD23GMWE1 + AS30GGW10,dd23gmwe1,เครื่องลดความชื้น LG PuriCare Dehumidifier 23 (40 ลิตร) + AeroMini (ของแถม),เครื่องลดความชื้น,Self 5 ปี (60 เดือน) | ไม่มีบริการ,60,549,บิลแรก ฿149 + โปร 50% เดือน 2-3,Self 5Y | ทุกๆ12 เดอื น,60,549,•ราคา149.-(1รอบบลิ แรก) •ลด 50% 2 เดอื น (รอบบลิ ท ่ี2-3) •แถมฟรี AeroMini,0,MATCH,Price list_Aug_V3.pdf,28,high,PDF policy: SELF_5Y_12M_PRO_149(1M)_DC50%(2M)_FREE_GIFT)
AS35GGW10,as35ggw10,เครื่องฟอกอากาศ LG PuriCare AeroHit 32 ตร.ม.,เครื่องฟอกอากาศ,Visit 5 ปี (60 เดือน) | ไม่มีบริการ,60,249,โปร 50% เดือน 1-3,Visit 5Y | ทุก 6 เดือน,60,249,ลด 50% รอบบิล 1-3,0,MATCH,Sale Price8 - Subscription_V3.pdf,6,high,Verified from rendered page; positioned text was split into individual characters. | PDF policy: VISIT_5Y_6M
AS35GGW10,as35ggw10,เครื่องฟอกอากาศ LG PuriCare AeroHit 32 ตร.ม.,เครื่องฟอกอากาศ,Self 5 ปี (60 เดือน) | ไม่มีบริการ,60,199,,Self 5Y | ทุก 6 เดือน,60,199,ไม่มีส่วนลดรายเดือน,0,MATCH,Sale Price8 - Subscription_V3.pdf,6,high,Verified from rendered page; positioned text was split into individual characters. | PDF policy: SELF_5Y_6M
AS25GCBY0,as25gcby0,เครื่องฟอกอากาศ LG PuriCare AeroCat Tower สีเบจ สำหรับน้องแมว,เครื่องฟอกอากาศ,Visit 5 ปี (60 เดือน) | ไม่มีบริการ,60,599,บิลแรก ฿149 + โปร 50% เดือน 2-3,Visit 5Y | ทุกๆ12 เดอื น,60,599,•ราคา 149.-(1รอบบลิ แรก) •ลด 50% 2 เดอื น (รอบบลิ ท ่ี2-3),0,MATCH,Price list_Aug_V3.pdf,29,high,PDF policy: VISIT_5Y_12M_PRO_149(1M)_DC50%(2M)
AS25GCBY0,as25gcby0,เครื่องฟอกอากาศ LG PuriCare AeroCat Tower สีเบจ สำหรับน้องแมว,เครื่องฟอกอากาศ,Self 5 ปี (60 เดือน) | ไม่มีบริการ,60,549,บิลแรก ฿149 + โปร 50% เดือน 2-3,Self 5Y | ทุกๆ12 เดอื น,60,549,•ราคา 149.-(1รอบบลิ แรก) •ลด 50% 2 เดอื น (รอบบลิ ท ่ี2-3),0,MATCH,Price list_Aug_V3.pdf,29,high,PDF policy: SELF_5Y_12M_PRO_149(1M)_DC50%(2M)
AS60GHWG0,as60ghwg0,เครื่องฟอกอากาศ LG PuriCare 360 Hit 61 ตร.ม.,เครื่องฟอกอากาศ,Visit 5 ปี (60 เดือน · 12 งวด) | ทุก 12 เดือน,60,449,บิลแรก ฿149 + โปร 50% เดือน 2-3,Visit 5Y | ทุกๆ 12 เดอื น,60,449,• ราคา 149.-(1รอบบลิ แรก) • ลด 50% 2เดอื น (รอบบลิ ท ่ี2-3),0,MATCH,Price list_Aug_V3.pdf,30,high,PDF policy: VISIT_5Y_12M_PRO_149(1M)_DC50%(2M)
AS60GHWG0,as60ghwg0,เครื่องฟอกอากาศ LG PuriCare 360 Hit 61 ตร.ม.,เครื่องฟอกอากาศ,Self 5 ปี (60 เดือน · 12 งวด) | ทุก 12 เดือน,60,399,บิลแรก ฿149 + โปร 50% เดือน 2-3,Self 5Y | ทุกๆ 12 เดอื น,60,399,•ราคา 149.-(1รอบบลิ แรก) • ลด 50% 2เดอื น (รอบบลิ ท ่ี2-3),0,MATCH,Price list_Aug_V3.pdf,30,high,PDF policy: SELF_5Y_12M_PRO_149(1M)_DC50%(2M)
AS60GHWG0,as60ghwg0,เครื่องฟอกอากาศ LG PuriCare 360 Hit 61 ตร.ม.,เครื่องฟอกอากาศ,Visit 5 ปี (60 เดือน · 6 งวด) | ทุก 6 เดือน,60,499,บิลแรก ฿149 + โปร 50% เดือน 2-3,Visit 5Y | ทุกๆ 6เดอื น,60,499,•ราคา 149.-(1รอบบลิ แรก) • ลด 50% 2เดอื น (รอบบลิ ท ่ี2-3),0,MATCH,Price list_Aug_V3.pdf,30,high,PDF policy: VISIT_5Y_6M_PRO_149(1M)_DC50%(2M)
AS60GHWG0,as60ghwg0,เครื่องฟอกอากาศ LG PuriCare 360 Hit 61 ตร.ม.,เครื่องฟอกอากาศ,Self 5 ปี (60 เดือน · 6 งวด) | ทุก 6 เดือน,60,449,บิลแรก ฿149 + โปร 50% เดือน 2-3,Self 5Y | ทุกๆ 6เดอื น,60,449,•ราคา 149.-(1รอบบลิ แรก) • ลด 50% 2เดอื น (รอบบลิ ท ่ี2-3),0,MATCH,Price list_Aug_V3.pdf,30,high,PDF policy: SELF_5Y_6M_PRO_149(1M)_DC50%(2M)
AS65GDBY0,as65gdby0,เครื่องฟอกอากาศ LG PuriCare Alpha Pet 61.2 ตร.ม.,เครื่องฟอกอากาศ,Visit 5 ปี (60 เดือน · 12 งวด) | ทุก 12 เดือน,60,749,บิลแรก ฿149 + โปร 50% เดือน 2-3,Visit 5Y | ทุกๆ 12 เดอื น,60,749,• ราคา 149.-(1รอบบลิ แรก) • ลด 50% 2เดอื น (รอบบลิ ท ่ี2-3),0,MATCH,Price list_Aug_V3.pdf,31,high,PDF policy: VISIT_5Y_12M_PRO_149(1M)_DC50%(2M)
AS65GDBY0,as65gdby0,เครื่องฟอกอากาศ LG PuriCare Alpha Pet 61.2 ตร.ม.,เครื่องฟอกอากาศ,Self 5 ปี (60 เดือน · 12 งวด) | ทุก 12 เดือน,60,699,บิลแรก ฿149 + โปร 50% เดือน 2-3,Self 5Y | ทุกๆ 12 เดอื น,60,699,• ราคา 149.-(1รอบบลิ แรก) • ลด 50% 2เดอื น (รอบบลิ ท ่ี2-3),0,MATCH,Price list_Aug_V3.pdf,31,high,PDF policy: SELF_5Y_12M_PRO_149(1M)_DC50%(2M)
AS65GDBY0,as65gdby0,เครื่องฟอกอากาศ LG PuriCare Alpha Pet 61.2 ตร.ม.,เครื่องฟอกอากาศ,Visit 5 ปี (60 เดือน · 6 งวด) | ทุก 6 เดือน,60,799,บิลแรก ฿149 + โปร 50% เดือน 2-3,Visit 5Y | ทุกๆ 6เดอื น,60,799,• ราคา 149.-(1 รอบบลิ แรก) • ลด 50% 2เดอื น (รอบบลิ ท ่ี2-3),0,MATCH,Price list_Aug_V3.pdf,31,high,PDF policy: VISIT_5Y_6M_PRO_149(1M)_DC50%(2M)
AS65GDBY0,as65gdby0,เครื่องฟอกอากาศ LG PuriCare Alpha Pet 61.2 ตร.ม.,เครื่องฟอกอากาศ,Self 5 ปี (60 เดือน · 6 งวด) | ทุก 6 เดือน,60,749,บิลแรก ฿149 + โปร 50% เดือน 2-3,Self 5Y | ทุกๆ 6เดอื น,60,749,• ราคา 149.-(1 รอบบลิ แรก) • ลด 50% 2เดอื น (รอบบลิ ท ่ี2-3),0,MATCH,Price list_Aug_V3.pdf,31,high,PDF policy: SELF_5Y_6M_PRO_149(1M)_DC50%(2M)
AS10GDBY0,as10gdby0,เครื่องฟอกอากาศ LG PuriCare Alpha Pet 104 ตร.ม.,เครื่องฟอกอากาศ,Visit 5 ปี (60 เดือน · 12 งวด) | ทุก 12 เดือน,60,1149,บิลแรก ฿149 + โปร 50% เดือน 2-3,Visit 5Y | ทุกๆ 12 เดอื น,60,1149,• ราคา 149.-(1รอบบลิ แรก) • ลด 50% 2เดอื น (รอบบลิ ท ่ี2-3),0,MATCH,Price list_Aug_V3.pdf,32,high,PDF policy: VISIT_5Y_12M_PRO_149(1M)_DC50%(2M)
AS10GDBY0,as10gdby0,เครื่องฟอกอากาศ LG PuriCare Alpha Pet 104 ตร.ม.,เครื่องฟอกอากาศ,Self 5 ปี (60 เดือน · 12 งวด) | ทุก 12 เดือน,60,1099,บิลแรก ฿149 + โปร 50% เดือน 2-3,Self 5Y | ทุกๆ 12 เดอื น,60,1099,• ราคา 149.-(1รอบบลิ แรก) • ลด 50% 2เดอื น (รอบบลิ ท ่ี2-3),0,MATCH,Price list_Aug_V3.pdf,32,high,PDF policy: SELF_5Y_12M_PRO_149(1M)_DC50%(2M)
AS10GDBY0,as10gdby0,เครื่องฟอกอากาศ LG PuriCare Alpha Pet 104 ตร.ม.,เครื่องฟอกอากาศ,Visit 5 ปี (60 เดือน · 6 งวด) | ทุก 6 เดือน,60,1199,บิลแรก ฿149 + โปร 50% เดือน 2-3,Visit 5Y | ทุกๆ 6เดอื น,60,1199,• ราคา 149.-(1 รอบบลิ แรก) • ลด 50% 2เดอื น (รอบบลิ ท ่ี2-3),0,MATCH,Price list_Aug_V3.pdf,32,high,PDF policy: VISIT_5Y_6M_PRO_149(1M)_DC50%(2M)
AS10GDBY0,as10gdby0,เครื่องฟอกอากาศ LG PuriCare Alpha Pet 104 ตร.ม.,เครื่องฟอกอากาศ,Self 5 ปี (60 เดือน · 6 งวด) | ทุก 6 เดือน,60,1149,บิลแรก ฿149 + โปร 50% เดือน 2-3,Self 5Y | ทุกๆ 6เดอื น,60,1149,• ราคา 149.-(1 รอบบลิ แรก) • ลด 50% 2เดอื น (รอบบลิ ท ่ี2-3),0,MATCH,Price list_Aug_V3.pdf,32,high,PDF policy: SELF_5Y_6M_PRO_149(1M)_DC50%(2M)
IXY11A,ixy11a,"แอร์อินเวอร์เตอร์ 9,212 BTU LG DUALCOOL",เครื่องปรับอากาศ IXY,Visit 5 ปี (60 เดือน · 6 งวด) | ทุก 6 เดือน,60,499,บิลแรก ฿149 · ซับ 2 แถม 1,Visit 5Y | ทุกๆ6 เดอื น,60,499,Promotion Aug 149 (1st Billing) Buy 2 RAC Get Free 1 AS35,0,MATCH,Sale Price8 - Subscription_V3.pdf,7,high,PDF policy: VISIT_5Y_6M00
IXY11A,ixy11a,"แอร์อินเวอร์เตอร์ 9,212 BTU LG DUALCOOL",เครื่องปรับอากาศ IXY,Visit 5 ปี (60 เดือน · 12 งวด) | ทุก 12 เดือน,60,399,บิลแรก ฿149 · ซับ 2 แถม 1,Visit 5Y | ทุกๆ12 เดอื น,60,399,รอบบลิ ท่ี1 (149) รอบบลิ ท่ี2 ถงึ 60 (399),0,MATCH,Sale Price8 - Subscription_V3.pdf,7,high,PDF policy: VISIT_5Y_12M
IXY13A,ixy13a,"แอร์อินเวอร์เตอร์ 12,283 BTU LG DUALCOOL",เครื่องปรับอากาศ IXY,Visit 5 ปี (60 เดือน · 6 งวด) | ทุก 6 เดือน,60,549,บิลแรก ฿149 · ซับ 2 แถม 1,Visit 5Y | ทุกๆ6 เดอื น,60,549,รอบบลิ ท่ี1 (149) รอบบลิ ท่ี2 ถงึ 60 (549),0,MATCH,Sale Price8 - Subscription_V3.pdf,7,high,PDF policy: VISIT_5Y_6M
IXY13A,ixy13a,"แอร์อินเวอร์เตอร์ 12,283 BTU LG DUALCOOL",เครื่องปรับอากาศ IXY,Visit 5 ปี (60 เดือน · 12 งวด) | ทุก 12 เดือน,60,449,บิลแรก ฿149 · ซับ 2 แถม 1,Visit 5Y | ทุกๆ12 เดอื น,60,449,รอบบลิ ท่ี1 (149) รอบบลิ ท่ี2 ถงึ 60 (449),0,MATCH,Sale Price8 - Subscription_V3.pdf,7,high,PDF policy: VISIT_5Y_12M
IXY18A,ixy18a,"แอร์อินเวอร์เตอร์ 18,084 BTU LG DUALCOOL",เครื่องปรับอากาศ IXY,Visit 5 ปี (60 เดือน · 6 งวด) | ทุก 6 เดือน,60,699,บิลแรก ฿149 · ซับ 2 แถม 1,Visit 5Y | ทุกๆ6 เดอื น,60,699,รอบบลิ ท่ี1 (149) รอบบลิ ท่ี2 ถงึ 60 (699),0,MATCH,Sale Price8 - Subscription_V3.pdf,7,high,PDF policy: VISIT_5Y_6M
IXY18A,ixy18a,"แอร์อินเวอร์เตอร์ 18,084 BTU LG DUALCOOL",เครื่องปรับอากาศ IXY,Visit 5 ปี (60 เดือน · 12 งวด) | ทุก 12 เดือน,60,599,บิลแรก ฿149 · ซับ 2 แถม 1,Visit 5Y | ทุกๆ12 เดอื น,60,599,รอบบลิ ท่ี1 (149) รอบบลิ ท่ี2 ถงึ 60 (599),0,MATCH,Sale Price8 - Subscription_V3.pdf,7,high,PDF policy: VISIT_5Y_12M
IXY24A,ixy24a,"แอร์อินเวอร์เตอร์ 21,154 BTU LG DUALCOOL",เครื่องปรับอากาศ IXY,Visit 5 ปี (60 เดือน · 6 งวด) | ทุก 6 เดือน,60,849,บิลแรก ฿149 · ซับ 2 แถม 1,Visit 5Y | ทุกๆ6 เดอื น,60,849,รอบบลิ ท่ี1 (149) รอบบลิ ท่ี2 ถงึ 60 (849),0,MATCH,Sale Price8 - Subscription_V3.pdf,7,high,PDF policy: VISIT_5Y_6M
IXY24A,ixy24a,"แอร์อินเวอร์เตอร์ 21,154 BTU LG DUALCOOL",เครื่องปรับอากาศ IXY,Visit 5 ปี (60 เดือน · 12 งวด) | ทุก 12 เดือน,60,749,บิลแรก ฿149 · ซับ 2 แถม 1,Visit 5Y | ทุกๆ12 เดอื น,60,749,รอบบลิ ท่ี1 (149) รอบบลิ ท่ี2 ถงึ 60 (749),0,MATCH,Sale Price8 - Subscription_V3.pdf,7,high,PDF policy: VISIT_5Y_12M
SIQ11B,siq11b,"แอร์อินเวอร์เตอร์ 9,212 BTU LG DUALCOOL AI Air",เครื่องปรับอากาศ SIQ,Visit 5 ปี (60 เดือน · 6 งวด) | ทุก 6 เดือน,60,699,บิลแรก ฿149 + โปร 50% เดือน 2-8,Visit 5Y | ทุกๆ6 เดอื น,60,699,•ราคา 149.-(1รอบบลิ แรก) •ลด 50% 7 เดอื น (รอบบลิ ท ่ี2-8),0,MATCH,Price list_Aug_V3.pdf,36,high,PDF policy: VISIT_5Y_6M_PRO_149(1M)_DC50%(7M)
SIQ11B,siq11b,"แอร์อินเวอร์เตอร์ 9,212 BTU LG DUALCOOL AI Air",เครื่องปรับอากาศ SIQ,Visit 5 ปี (60 เดือน · 12 งวด) | ทุก 12 เดือน,60,599,บิลแรก ฿149 + โปร 50% เดือน 2-8,Visit 5Y | ทุกๆ12 เดอื น,60,599,•ราคา 149.-(1รอบบลิ แรก) •ลด 50% 7 เดอื น (รอบบลิ ท ่ี2-8),0,MATCH,Price list_Aug_V3.pdf,36,high,PDF policy: VISIT_5Y_12M_PRO_149(1M)_DC50%(7M)
SIQ13B,siq13b,"แอร์อินเวอร์เตอร์ 12,200 BTU LG DUALCOOL AI Air",เครื่องปรับอากาศ SIQ,Visit 5 ปี (60 เดือน · 6 งวด) | ทุก 6 เดือน,60,799,บิลแรก ฿149 + โปร 50% เดือน 2-8,Visit 5Y | ทุกๆ6 เดอื น,60,799,•ราคา 149.-(1รอบบลิ แรก) •ลด 50% 7 เดอื น (รอบบลิ ท ่ี2-8),0,MATCH,Price list_Aug_V3.pdf,36,high,PDF policy: VISIT_5Y_6M_PRO_149(1M)_DC50%(7M)
SIQ13B,siq13b,"แอร์อินเวอร์เตอร์ 12,200 BTU LG DUALCOOL AI Air",เครื่องปรับอากาศ SIQ,Visit 5 ปี (60 เดือน · 12 งวด) | ทุก 12 เดือน,60,699,บิลแรก ฿149 + โปร 50% เดือน 2-8,Visit 5Y | ทุกๆ12 เดอื น,60,699,•ราคา 149.-(1รอบบลิ แรก) •ลด 50% 7 เดอื น (รอบบลิ ท ่ี2-8),0,MATCH,Price list_Aug_V3.pdf,36,high,PDF policy: VISIT_5Y_12M_PRO_149(1M)_DC50%(7M)
SIQ18B,siq18b,"แอร์ LG DUALCOOL AI 18,000 BTU รุ่น SIQ18B",เครื่องปรับอากาศ SIQ,Visit 5 ปี (60 เดือน · 6 งวด) | ทุก 6 เดือน,60,999,บิลแรก ฿149 + โปร 50% เดือน 2-8,Visit 5Y | ทุกๆ6 เดอื น,60,999,•ราคา 149.-(1รอบบลิ แรก) •ลด 50% 7 เดอื น (รอบบลิ ท ่ี2-8),0,MATCH,Price list_Aug_V3.pdf,37,high,PDF policy: VISIT_5Y_6M_PRO_149(1M)_DC50%(7M)
SIQ18B,siq18b,"แอร์ LG DUALCOOL AI 18,000 BTU รุ่น SIQ18B",เครื่องปรับอากาศ SIQ,Visit 5 ปี (60 เดือน · 12 งวด) | ทุก 12 เดือน,60,899,บิลแรก ฿149 + โปร 50% เดือน 2-8,Visit 5Y | ทุกๆ12 เดอื น,60,899,•ราคา 149.-(1รอบบลิ แรก) •ลด 50% 7 เดอื น (รอบบลิ ท ่ี2-8),0,MATCH,Price list_Aug_V3.pdf,37,high,PDF policy: VISIT_5Y_12M_PRO_149(1M)_DC50%(7M)
SIQ24B,siq24b,"แอร์อินเวอร์เตอร์ 22,178 BTU LG DUALCOOL AI Air",เครื่องปรับอากาศ SIQ,Visit 5 ปี (60 เดือน · 6 งวด) | ทุก 6 เดือน,60,1199,บิลแรก ฿149 + โปร 50% เดือน 2-8,Visit 5Y | ทุกๆ6 เดอื น,60,1199,•ราคา 149.-(1รอบบลิ แรก) •ลด 50% 7 เดอื น (รอบบลิ ท ่ี2-8),0,MATCH,Price list_Aug_V3.pdf,37,high,PDF policy: VISIT_5Y_6M_PRO_149(1M)_DC50%(7M)
SIQ24B,siq24b,"แอร์อินเวอร์เตอร์ 22,178 BTU LG DUALCOOL AI Air",เครื่องปรับอากาศ SIQ,Visit 5 ปี (60 เดือน · 12 งวด) | ทุก 12 เดือน,60,1099,บิลแรก ฿149 + โปร 50% เดือน 2-8,Visit 5Y | ทุกๆ12 เดอื น,60,1099,•ราคา 149.-(1รอบบลิ แรก) •ลด 50% 7 เดอื น (รอบบลิ ท ่ี2-8),0,MATCH,Price list_Aug_V3.pdf,37,high,PDF policy: VISIT_5Y_12M_PRO_149(1M)_DC50%(7M)
SAQ11A,saq11a,"แอร์อินเวอร์เตอร์ 9,200 BTU LG DUALCOOL AI Air รุ่น SAQ11A",เครื่องปรับอากาศ SAQ,Visit 5 ปี (60 เดือน · 6 งวด) | ทุก 6 เดือน,60,899,บิลแรก ฿149 + โปร 50% เดือน 2-8,Visit 5Y | ทุกๆ6 เดอื น,60,899,•ราคา 149.-(1รอบบลิ แรก) •ลด 50% 7 เดอื น (รอบบลิ ท ่ี2-8),0,MATCH,Price list_Aug_V3.pdf,34,high,PDF policy: VISIT_5Y_6M_PRO_149(1M)_DC50%(7M)
SAQ11A,saq11a,"แอร์อินเวอร์เตอร์ 9,200 BTU LG DUALCOOL AI Air รุ่น SAQ11A",เครื่องปรับอากาศ SAQ,Visit 5 ปี (60 เดือน · 12 งวด) | ทุก 12 เดือน,60,799,บิลแรก ฿149 + โปร 50% เดือน 2-8,Visit 5Y | ทุกๆ12 เดอื น,60,799,•ราคา 149.-(1รอบบลิ แรก) •ลด 50% 7 เดอื น (รอบบลิ ท ่ี2-8),0,MATCH,Price list_Aug_V3.pdf,34,high,PDF policy: VISIT_5Y_12M_PRO_149(1M)_DC50%(7M)
SAQ13A,saq13a,"แอร์อินเวอร์เตอร์ 12,000 BTU LG DUALCOOL AI Air รุ่น SAQ13A",เครื่องปรับอากาศ SAQ,Visit 5 ปี (60 เดือน · 6 งวด) | ทุก 6 เดือน,60,949,บิลแรก ฿149 + โปร 50% เดือน 2-8,Visit 5Y | ทุกๆ6 เดอื น,60,949,•ราคา 149.-(1รอบบลิ แรก) •ลด 50% 7 เดอื น (รอบบลิ ท ่ี2-8),0,MATCH,Price list_Aug_V3.pdf,34,high,PDF policy: VISIT_5Y_6M_PRO_149(1M)_DC50%(7M)
SAQ13A,saq13a,"แอร์อินเวอร์เตอร์ 12,000 BTU LG DUALCOOL AI Air รุ่น SAQ13A",เครื่องปรับอากาศ SAQ,Visit 5 ปี (60 เดือน · 12 งวด) | ทุก 12 เดือน,60,849,บิลแรก ฿149 + โปร 50% เดือน 2-8,Visit 5Y | ทุกๆ12 เดอื น,60,849,•ราคา 149.-(1รอบบลิ แรก) •ลด 50% 7 เดอื น (รอบบลิ ท ่ี2-8),0,MATCH,Price list_Aug_V3.pdf,34,high,PDF policy: VISIT_5Y_12M_PRO_149(1M)_DC50%(7M)
SAQ18B,saq18b,"แอร์ LG DUALCOOL AI 18,000 BTU รุ่น SAQ18B",เครื่องปรับอากาศ SAQ,Visit 5 ปี (60 เดือน · 6 งวด) | ทุก 6 เดือน,60,1149,บิลแรก ฿149 + โปร 50% เดือน 2-8,Visit 5Y | ทุกๆ6 เดอื น,60,1149,•ราคา 149.-(1รอบบลิ แรก) •ลด 50% 7 เดอื น (รอบบลิ ท ่ี2-8),0,MATCH,Price list_Aug_V3.pdf,35,high,PDF policy: VISIT_5Y_6M_PRO_149(1M)_DC50%(7M)
SAQ18B,saq18b,"แอร์ LG DUALCOOL AI 18,000 BTU รุ่น SAQ18B",เครื่องปรับอากาศ SAQ,Visit 5 ปี (60 เดือน · 12 งวด) | ทุก 12 เดือน,60,1049,บิลแรก ฿149 + โปร 50% เดือน 2-8,Visit 5Y | ทุกๆ12 เดอื น,60,1049,•ราคา 149.-(1รอบบลิ แรก) •ลด 50% 7 เดอื น (รอบบลิ ท ่ี2-8),0,MATCH,Price list_Aug_V3.pdf,35,high,PDF policy: VISIT_5Y_12M_PRO_149(1M)_DC50%(7M)
SAQ24B,saq24b,"แอร์อินเวอร์เตอร์ 24,225 BTU LG DUALCOOL AI Air",เครื่องปรับอากาศ SAQ,Visit 5 ปี (60 เดือน · 6 งวด) | ทุก 6 เดือน,60,1299,บิลแรก ฿149 + โปร 50% เดือน 2-8,Visit 5Y | ทุกๆ6 เดอื น,60,1299,•ราคา 149.-(1รอบบลิ แรก) •ลด 50% 7 เดอื น (รอบบลิ ท ่ี2-8),0,MATCH,Price list_Aug_V3.pdf,35,high,PDF policy: VISIT_5Y_6M_PRO_149(1M)_DC50%(7M)
SAQ24B,saq24b,"แอร์อินเวอร์เตอร์ 24,225 BTU LG DUALCOOL AI Air",เครื่องปรับอากาศ SAQ,Visit 5 ปี (60 เดือน · 12 งวด) | ทุก 12 เดือน,60,1199,บิลแรก ฿149 + โปร 50% เดือน 2-8,Visit 5Y | ทุกๆ12 เดอื น,60,1199,•ราคา 149.-(1รอบบลิ แรก) •ลด 50% 7 เดอื น (รอบบลิ ท ่ี2-8),0,MATCH,Price list_Aug_V3.pdf,35,high,PDF policy: VISIT_5Y_12M_PRO_149(1M)_DC50%(7M)
ART13A.SR1,art13a,"แอร์อินเวอร์เตอร์ 11,942 BTU LG ARTCOOL",เครื่องปรับอากาศ ART,Visit 5 ปี (60 เดือน · 6 งวด) | ทุก 6 เดือน,60,1049,บิลแรก ฿149 + โปร 50% เดือน 2-8,Visit 5Y | ทุกๆ6 เดอื น,60,1049,•ราคา 149.-(1รอบบลิ แรก) •ลด 50% 7 เดอื น (รอบบลิ ท ่ี2-8),0,MATCH,Price list_Aug_V3.pdf,33,high,PDF policy: VISIT_5Y_6M_PRO_149(1M)_DC50%(7M)
ART13A.SR1,art13a,"แอร์อินเวอร์เตอร์ 11,942 BTU LG ARTCOOL",เครื่องปรับอากาศ ART,Visit 5 ปี (60 เดือน · 12 งวด) | ทุก 12 เดือน,60,949,บิลแรก ฿149 + โปร 50% เดือน 2-8,Visit 5Y | ทุกๆ12 เดอื น,60,949,•ราคา 149.-(1รอบบลิ แรก) •ลด 50% 7 เดอื น (รอบบลิ ท ่ี2-8),0,MATCH,Price list_Aug_V3.pdf,33,high,PDF policy: VISIT_5Y_12M_PRO_149(1M)_DC50%(7M)
ART18A.SR1,art18a,"แอร์อินเวอร์เตอร์ 18,084 BTU LG ARTCOOL",เครื่องปรับอากาศ ART,Visit 5 ปี (60 เดือน · 6 งวด) | ทุก 6 เดือน,60,1249,บิลแรก ฿149 + โปร 50% เดือน 2-8,Visit 5Y | ทุกๆ6 เดอื น,60,1249,•ราคา 149.-(1รอบบลิ แรก) •ลด 50% 7 เดอื น (รอบบลิ ท ่ี2-8),0,MATCH,Price list_Aug_V3.pdf,33,high,PDF policy: VISIT_5Y_6M_PRO_149(1M)_DC50%(7M)
ART18A.SR1,art18a,"แอร์อินเวอร์เตอร์ 18,084 BTU LG ARTCOOL",เครื่องปรับอากาศ ART,Visit 5 ปี (60 เดือน · 12 งวด) | ทุก 12 เดือน,60,1149,บิลแรก ฿149 + โปร 50% เดือน 2-8,Visit 5Y | ทุกๆ12 เดอื น,60,1149,•ราคา 149.-(1รอบบลิ แรก) •ลด 50% 7 เดอื น (รอบบลิ ท ่ี2-8),0,MATCH,Price list_Aug_V3.pdf,33,high,PDF policy: VISIT_5Y_12M_PRO_149(1M)_DC50%(7M)
ZT4Q18GPLA1,zt4q18,"เครื่องปรับอากาศ 4-Way Cassette ขนาด 18,000 BTU",เครื่องปรับอากาศ SAC 4Way Cassette,Visit 5 ปี (60 เดือน) | ไม่มีบริการ,60,1899,รุ่นใหม่ Y2026,Visit 5Y | ทุกๆ4 เดอื น,60,1899,-,0,MATCH,Price list_Aug_V3.pdf,38,high,PDF policy: VISIT_5Y_4M
ZT4Q24GPLA1,zt4q24,"แอร์ LG 4Way Cassette 24,500 BTU",เครื่องปรับอากาศ SAC 4Way Cassette,Visit 5 ปี (60 เดือน) | ไม่มีบริการ,60,1949,รุ่นใหม่ Y2026,Visit 5Y | ทุกๆ4 เดอื น,60,1949,-,0,MATCH,Price list_Aug_V3.pdf,38,high,PDF policy: VISIT_5Y_4M
ZT4Q36GNLA1,zt4q36,"เครื่องปรับอากาศ 4-Way Cassette ขนาด 36,200 BTU",เครื่องปรับอากาศ SAC 4Way Cassette,Visit 5 ปี (60 เดือน) | ไม่มีบริการ,60,2349,รุ่นใหม่ Y2026,Visit 5Y | ทุกๆ4 เดอื น,60,2349,-,0,MATCH,Price list_Aug_V3.pdf,38,high,PDF policy: VISIT_5Y_4M
ZT4Q48GMLA1,zt4q48,"เครื่องปรับอากาศ 4-Way Cassette ขนาด 48,000 BTU",เครื่องปรับอากาศ SAC 4Way Cassette,Visit 5 ปี (60 เดือน) | ไม่มีบริการ,60,2499,รุ่นใหม่ Y2026,Visit 5Y | ทุกๆ4 เดอื น,60,2499,-,0,MATCH,Price list_Aug_V3.pdf,38,high,PDF policy: VISIT_5Y_4M
ZT1Q12GULA1,zt1q12,"เครื่องปรับอากาศ 1-Way Cassette ขนาด 10,500 BTU",เครื่องปรับอากาศ SAC 1 Way Cassette,Visit 5 ปี (60 เดือน) | ไม่มีบริการ,60,1499,รุ่นใหม่ Y2026,Visit 5Y | ทุกๆ4 เดอื น,60,1499,-,0,MATCH,Price list_Aug_V3.pdf,39,high,PDF policy: VISIT_5Y_4M
ZT1Q18GTLA1,zt1q18,"(PM 2.5, DUAL Vane) เครื่องปรับอากาศ 1-Way Cassette ขนาด 18,000 BTU",เครื่องปรับอากาศ SAC 1 Way Cassette,Visit 5 ปี (60 เดือน) | ไม่มีบริการ,60,1599,รุ่นใหม่ Y2026,Visit 5Y | ทุกๆ4 เดอื น,60,1599,-,0,MATCH,Price list_Aug_V3.pdf,39,high,PDF policy: VISIT_5Y_4M
ZT1Q24GTLA1,zt1q24,"เครื่องปรับอากาศ 1-Way Cassette ขนาด 23,500 BTU",เครื่องปรับอากาศ SAC 1 Way Cassette,Visit 5 ปี (60 เดือน) | ไม่มีบริการ,60,1799,รุ่นใหม่ Y2026,Visit 5Y | ทุกๆ4 เดอื น,60,1799,-,0,MATCH,Price list_Aug_V3.pdf,39,high,PDF policy: VISIT_5Y_4M
ZTRQ36GYLA1,ztrq36,"แอร์ LG Round Cassette 36,700 BTU",เครื่องปรับอากาศ SAC Round Cassette,Visit 5 ปี (60 เดือน) | ไม่มีบริการ,60,2599,รุ่นใหม่ Y2026,Visit 5Y | ทุกๆ4 เดอื น,60,2599,-,0,MATCH,Price list_Aug_V3.pdf,40,high,PDF policy: VISIT_5Y_4M
ZTRQ48GYLA1,ztrq48,"แอร์ LG Round Cassette 47,100 BTU",เครื่องปรับอากาศ SAC Round Cassette,Visit 5 ปี (60 เดือน) | ไม่มีบริการ,60,2799,รุ่นใหม่ Y2026,Visit 5Y | ทุกๆ4 เดอื น,60,2799,-,0,MATCH,Price list_Aug_V3.pdf,40,high,PDF policy: VISIT_5Y_4M
OLED48C6PSA,oled48c6psa,"ทีวี 48"" LG OLED evo C6 4K Smart TV 2026",โทรทัศน์ OLED,ไม่รับบริการ 5 ปี (60 เดือน) · โปร 8 เดือน | ไม่มีบริการ,60,749,50% เดือน 1-20,No Service 5Y,60,749,Advance 50% 12 เดือน + ลด 50% อีก 8 เดือน,0,NEEDS_MANUAL_REVIEW,Sale Price8 - Subscription_V3.pdf,8,low,PDF page has overlapping legacy/new text values; visible row is internally coherent but source layer is not clean. | PDF advance payment: ฿4494 | Current advance payment: ฿4494 | PDF policy: NOSERVICE_5Y_PRO_ADV50%(12M)_DC50%(8M)
OLED48C6PSA,oled48c6psa,"ทีวี 48"" LG OLED evo C6 4K Smart TV 2026",โทรทัศน์ OLED,ไม่รับบริการ 5 ปี (60 เดือน) · โปร 3 เดือน | ไม่มีบริการ,60,749,50% เดือน 1-15,No Service 5Y,60,749,Advance 50% 12 เดือน + ลด 50% อีก 3 เดือน + xboom BOUNCE,0,NEEDS_MANUAL_REVIEW,Sale Price8 - Subscription_V3.pdf,8,low,PDF page has overlapping text and the 3-month offer includes an xboom BOUNCE gift that is absent from the current promo text. | PDF advance payment: ฿4494 | Current advance payment: ฿4494 | PDF policy: NOSERVICE_5Y_PRO_ADV50%(12M)_DC50%(3M)
OLED55C6PSA,oled55c6psa,"ทีวี 55"" LG OLED evo C6 4K Smart TV 2026",โทรทัศน์ OLED,ไม่รับบริการ 5 ปี (60 เดือน) | ไม่มีบริการ,60,1099,50% เดือน 1-20,No Service 5Y,60,1099,•Advance payment 50% 12 บลิ แรก •13M~20M (8 Months 50% Discount),0,MATCH,Price list_Aug_V3.pdf,44,high,PDF advance payment: ฿6594 | Current advance payment: ฿6594 | PDF policy: NOSERVICE_5Y_PRO_ADV50%(12M)_ DC50%(8M)
OLED65C6PSA,oled65c6psa,"ทีวี 65"" LG OLED evo C6 4K Smart TV 2026",โทรทัศน์ OLED,ไม่รับบริการ 5 ปี (60 เดือน) | ไม่มีบริการ,60,1299,50% เดือน 1-20,No Service 5Y,60,1299,•Advance payment 50% 12 บลิ แรก •13M~20M (8 Months 50% Discount),0,MATCH,Price list_Aug_V3.pdf,44,high,PDF advance payment: ฿7794 | Current advance payment: ฿7794 | PDF policy: NOSERVICE_5Y_PRO_ADV50%(12M)_ DC50%(8M)
OLED77C6PSA,oled77c6psa,"ทีวี 77"" LG OLED evo C6 4K Smart TV 2026",โทรทัศน์ OLED,ไม่รับบริการ 5 ปี (60 เดือน) | ไม่มีบริการ,60,1999,50% เดือน 1-20,No Service 5Y,60,1999,•Advance payment 50% 12 บลิ แรก •13M~20M (8 Months 50% Discount),0,MATCH,Price list_Aug_V3.pdf,44,high,PDF advance payment: ฿11994 | Current advance payment: ฿11994 | PDF policy: NOSERVICE_5Y_PRO_ADV50%(12M)_ DC50%(8M)
OLED77C6PSA + S80TY,oled77c6psa-s80ty,"ทีวี 77"" LG OLED evo C6 4K Smart TV 2026 + Soundbar S80TY (ของแถม)",โทรทัศน์ OLED,ไม่รับบริการ 5 ปี (60 เดือน) · ของแถม S80TY | ไม่มีบริการ,60,1999,50% เดือน 1-15 · ของแถม Soundbar S80TY,No Service 5Y,60,1999,•Advance payment 50% 12 บลิ แรก •13M~15M (3 Months 50% Discount) •แถมฟร ีSound Bar S80TY.DTHALLK,0,MATCH,Price list_Aug_V3.pdf,42,high,PDF advance payment: ฿11994 | Current advance payment: ฿11994 | PDF policy: NOSERVICE_5Y_PRO_ADV50%(12M)_ DC50%(3M)_FREE_GIFT
OLED65C6PSA + S80TY,oled65c6psa-s80ty,"ทีวี 65"" LG OLED evo C6 4K Smart TV 2026 + Soundbar S80TY (ของแถม)",โทรทัศน์ OLED,ไม่รับบริการ 5 ปี (60 เดือน) · ของแถม S80TY | ไม่มีบริการ,60,1299,50% เดือน 1-15 · ของแถม Soundbar S80TY,No Service 5Y,60,1299,•Advance payment 50% 12 บลิ แรก •13M~15M (3 Months 50% Discount) •แถมฟร ีSound Bar S80TY.DTHALLK,0,MATCH,Price list_Aug_V3.pdf,42,high,PDF advance payment: ฿7794 | Current advance payment: ฿7794 | PDF policy: NOSERVICE_5Y_PRO_ADV50%(12M)_ DC50%(3M)_FREE_GIFT
OLED55C6PSA + S30A,oled55c6psa-s30a,"ทีวี 55"" LG OLED evo C6 4K Smart TV 2026 + Soundbar S30A (ของแถม)",โทรทัศน์ OLED,ไม่รับบริการ 5 ปี (60 เดือน) · ของแถม S30A | ไม่มีบริการ,60,1099,50% เดือน 1-15 · ของแถม Soundbar S30A,No Service 5Y,60,1099,•Advance payment 50% 12 บลิ แรก •13M~15M (3 Months 50% Discount) •แถมฟร ีSound Bar S30A.ATHALLK,0,MATCH,Price list_Aug_V3.pdf,42,high,PDF advance payment: ฿6594 | Current advance payment: ฿6594 | PDF policy: NOSERVICE_5Y_PRO_ADV50%(12M)_ DC50%(3M)_FREE_GIFT
75QNED86BSA,75qned86bsa,"ทีวี 75"" LG QNED evo AI Mini LED QNED86 4K Smart TV 2026",โทรทัศน์ QNED,ไม่รับบริการ 5 ปี (60 เดือน) | ไม่มีบริการ,60,849,50% เดือน 1-12,No Service 5Y,60,,Conflicting layered values,,NEEDS_MANUAL_REVIEW,Sale Price8 - Subscription_V3.pdf,8,low,"PDF exposes conflicting 849/899 monthly and 5,094/5,394 advance values; billing schedule also conflicts. No price chosen. | Current advance payment: ฿5094 | PDF policy: NOSERVICE_5Y_PRO_ADV50%(12M)"
100MRGB96BS,100mrgb96bs,"ทีวี 100"" LG Micro RGB evo AI MRGB96 4K Smart TV 2026",โทรทัศน์ QNED,ไม่รับบริการ 5 ปี (60 เดือน) | ไม่มีบริการ,60,4499,50% เดือน 1-20,No Service 5Y,60,4499,•Advance payment 50% 12 บลิ แรก •13M~20M (8 Months 50% Discount),0,MATCH,Price list_Aug_V3.pdf,41,high,PDF advance payment: ฿26994 | Current advance payment: ฿26994 | PDF policy: NOSERVICE_5Y_PRO_ADV50%(12M)_ DC50%(8M)
100QNED86BS,100qned86bs,"ทีวี 100"" LG QNED evo AI Mini LED QNED86 4K Smart TV 2026",โทรทัศน์ QNED,ไม่รับบริการ 5 ปี (60 เดือน) | ไม่มีบริการ,60,2599,50% เดือน 1-12,No Service 5Y,60,2599,•Advance payment 50% 12 บลิ แรก,0,MATCH,Price list_Aug_V3.pdf,45,high,PDF advance payment: ฿15594 | Current advance payment: ฿15594 | PDF policy: NOSERVICE_5Y_PRO_ADV50%(12M)
85QNED80BSA,85qned80bsa,"ทีวี 85"" LG QNED evo AI Mini LED QNED80 4K Smart TV 2026",โทรทัศน์ QNED,ไม่รับบริการ 5 ปี (60 เดือน) | ไม่มีบริการ,60,1349,50% เดือน 1-12,No Service 5Y,60,1349,•Advance payment 50% 12 บลิ แรก,0,MATCH,Price list_Aug_V3.pdf,45,high,PDF advance payment: ฿8094 | Current advance payment: ฿8094 | PDF policy: NOSERVICE_5Y_PRO_ADV50%(12M)
65QNED80BSA,65qned80bsa,"ทีวี 65"" LG QNED evo AI Mini LED QNED80 4K Smart TV 2026",โทรทัศน์ QNED,ไม่รับบริการ 5 ปี (60 เดือน) | ไม่มีบริการ,60,649,50% เดือน 1-12,No Service 5Y,60,649,•Advance payment 50% 12 บลิ แรก,0,MATCH,Price list_Aug_V3.pdf,45,high,PDF advance payment: ฿3894 | Current advance payment: ฿3894 | PDF policy: NOSERVICE_5Y_PRO_ADV50%(12M)
55QNED80BSA,55qned80bsa,"ทีวี 55"" LG QNED evo AI Mini LED QNED80 4K Smart TV 2026",โทรทัศน์ QNED,ไม่รับบริการ 5 ปี (60 เดือน) | ไม่มีบริการ,60,549,50% เดือน 1-12,No Service 5Y,60,549,•Advance payment 50% 12 บลิ แรก,0,MATCH,Price list_Aug_V3.pdf,45,high,PDF advance payment: ฿3294 | Current advance payment: ฿3294 | PDF policy: NOSERVICE_5Y_PRO_ADV50%(12M)
75NU855BPSA,75nu855bpsa,"ทีวี 75"" LG NANO 4K UHD AI NU85 4K Smart TV 2026",โทรทัศน์ NanoCell,ไม่รับบริการ 5 ปี (60 เดือน) | ไม่มีบริการ,60,699,50% เดือน 1-12,No Service 5Y,60,699,•Advance payment 50% 12 บลิ แรก,0,MATCH,Price list_Aug_V3.pdf,46,high,PDF advance payment: ฿4194 | Current advance payment: ฿4194 | PDF policy: NOSERVICE_5Y_PRO_ADV50%(12M)
65NU855BPSA,65nu855bpsa,"ทีวี 65"" LG NANO 4K UHD AI NU85 4K Smart TV 2026",โทรทัศน์ NanoCell,ไม่รับบริการ 5 ปี (60 เดือน) | ไม่มีบริการ,60,549,50% เดือน 1-12,No Service 5Y,60,549,•Advance payment 50% 12 บลิ แรก,0,MATCH,Price list_Aug_V3.pdf,46,high,PDF advance payment: ฿3294 | Current advance payment: ฿3294 | PDF policy: NOSERVICE_5Y_PRO_ADV50%(12M)
27LX6TDGA,27lx6tdga,LG StanbyME2,โทรทัศน์ StanbyME,ไม่รับบริการ 5 ปี (60 เดือน) | ไม่มีบริการ,60,749,50% เดือน 1-20,No Service 5Y,60,749,•Advance payment 50% 12 บลิ แรก •13M~20M (8 Months 50% Discount),0,MATCH,Price list_Aug_V3.pdf,43,high,PDF advance payment: ฿4494 | Current advance payment: ฿4494 | PDF policy: NOSERVICE_5Y_PRO_ADV50%(12M)_ DC50%(8M)
32LX6BDGA,32lx6bdga,LG StanbyME 2 Max LX6 จอไลฟ์สไตล์ไร้สาย 4K ขนาด 32 นิ้ว,โทรทัศน์ StanbyME,ไม่รับบริการ 5 ปี (60 เดือน) | ไม่มีบริการ,60,849,50% เดือน 1-20,No Service 5Y,60,849,•Advance payment 50% 12 บลิ แรก •13M~20M (8 Months 50% Discount),0,MATCH,Price list_Aug_V3.pdf,47,high,PDF advance payment: ฿5094 | Current advance payment: ฿5094 | PDF policy: NOSERVICE_5Y_PRO_ADV50%(12M)_ DC50%(8M)
27LX6TDGA + xboom GRAB,27lx6tdga-grab,LG StanbyME2 + xboom Grab (ของแถม),โทรทัศน์ StanbyME,ไม่รับบริการ 5 ปี (60 เดือน) · ของแถม GRAB | ไม่มีบริการ,60,749,50% เดือน 1-15 · ของแถม xboom GRAB,No Service 5Y,60,749,•Advance payment 50% 12 บลิ แรก •13M~15M (3 Months 50% Discount) •แถมฟร ีxboom GRAB,0,MATCH,Price list_Aug_V3.pdf,43,high,PDF advance payment: ฿4494 | Current advance payment: ฿4494 | PDF policy: NOSERVICE_5Y_PRO_ADV50%(12M)_ DC50%(3M)_FREE_GIFT
27GX704A-B,27gx704a,LG UltraGear™ GX7 27 นิ้ว 240Hz OLED QHD Gaming Monitor 27GX704A DisplayHDR™ True Black 400,มอนิเตอร์,ไม่รับบริการ 5 ปี (60 เดือน) · โปร 8 เดือน | ไม่มีบริการ,60,349,50% เดือน 1-20,No Service 5Y,60,,Conflicting layered values including a 3-month extension,,NEEDS_MANUAL_REVIEW,Sale Price8 - Subscription_V3.pdf,9,low,"PDF exposes 349/2,094 and 399/2,394 layers; only the 399 layer shows an additional 3-month 50% offer. No authoritative price chosen. | Current advance payment: ฿2094 | PDF policy: NOSERVICE_5Y_PRO_ADV50%(12M)"
27GX704A-B,27gx704a,LG UltraGear™ GX7 27 นิ้ว 240Hz OLED QHD Gaming Monitor 27GX704A DisplayHDR™ True Black 400,มอนิเตอร์,ไม่รับบริการ 5 ปี (60 เดือน) · โปร 3 เดือน | ไม่มีบริการ,60,399,50% เดือน 1-15,No Service 5Y,60,,Second conflicting layered variant,,NEEDS_MANUAL_REVIEW,Sale Price8 - Subscription_V3.pdf,9,low,Second current variant maps to the same layered PDF page; authoritative old/new layer cannot be selected safely. | Current advance payment: ฿2394 | PDF policy: NOSERVICE_5Y_PRO_ADV50%(12M)_DC50%(3M)
45GX950A-B,45gx950a,"LG UltraGear™ 45"" OLED Dual-Mode 5K2K 0.03ms DisplayHDR True Black",มอนิเตอร์,ไม่รับบริการ 5 ปี (60 เดือน) | ไม่มีบริการ,60,1499,50% เดือน 1-12,No Service 5Y,60,1499,•Advance payment 50% 12 บลิ แรก,0,MATCH,Price list_Aug_V3.pdf,48,high,PDF advance payment: ฿8994 | Current advance payment: ฿8994 | PDF policy: NOSERVICE_5Y_PRO_ADV50%(12M)
52G930B-B,52g930b,LG UltraGear evo G9 52 นิ้ว,มอนิเตอร์,ไม่รับบริการ 5 ปี (60 เดือน) | ไม่มีบริการ,60,1199,50% เดือน 1-12,No Service 5Y,60,1199,•Advance payment 50% 12 บลิ แรก,0,MATCH,Price list_Aug_V3.pdf,48,high,PDF advance payment: ฿7194 | Current advance payment: ฿7194 | PDF policy: NOSERVICE_5Y_PRO_ADV50%(12M)
40U990A-W,40u990a,LG UltraFine™ 40 นิ้ว,มอนิเตอร์,ไม่รับบริการ 5 ปี (60 เดือน) | ไม่มีบริการ,60,999,50% เดือน 1-12,No Service 5Y,60,999,•Advance payment 50% 12 บลิ แรก,0,MATCH,Price list_Aug_V3.pdf,48,high,PDF advance payment: ฿5994 | Current advance payment: ฿5994 | PDF policy: NOSERVICE_5Y_PRO_ADV50%(12M)
34U650A-B,34u650a,"34"" 21:9 UltraWide™ WQHD (3440x1440) IPS Monitor",มอนิเตอร์,ไม่รับบริการ 5 ปี (60 เดือน) | ไม่มีบริการ,60,399,50% เดือน 1-12,No Service 5Y,60,399,•Advance payment 50% 12 บลิ แรก,0,MATCH,Price list_Aug_V3.pdf,48,high,PDF advance payment: ฿2394 | Current advance payment: ฿2394 | PDF policy: NOSERVICE_5Y_PRO_ADV50%(12M)
32U889SA-W,32u889sa,"จอมอนิเตอร์ 31.5"" 4K IPS Smart Monitor Swing จอสัมผัส ขาตั้งหมุนได้",มอนิเตอร์,ไม่รับบริการ 5 ปี (60 เดือน) | ไม่มีบริการ,60,699,50% เดือน 1-20,No Service 5Y,60,699,•Advance payment 50% 12 บลิ แรก •13M~20M (8 Months 50% Discount),0,MATCH,Price list_Aug_V3.pdf,48,high,PDF advance payment: ฿4194 | Current advance payment: ฿4194 | PDF policy: NOSERVICE_5Y_PRO_ADV50%(12M) _ DC50%(8M)
32U889SA + xboom GRAB,32u889sa-grab,"จอมอนิเตอร์ 31.5"" 4K IPS Smart Monitor Swing + xboom Grab (ของแถม)",มอนิเตอร์,ไม่รับบริการ 5 ปี (60 เดือน) · ของแถม GRAB | ไม่มีบริการ,60,699,50% เดือน 1-15 · ของแถม xboom GRAB,No Service 5Y,60,699,•Advance payment 50% 12 บลิ แรก •13M~15M (3 Months 50% Discount),0,MATCH,Price list_Aug_V3.pdf,49,high,PDF advance payment: ฿4194 | Current advance payment: ฿4194 | PDF policy: NOSERVICE_5Y_PRO_ADV50%(12M) _DC50%(3M)
S95TR,s95tr,ซาวด์บาร์ LG Dolby Atmos 9.1.5 ช่อง (820W),Sound bar,ไม่รับบริการ 5 ปี (60 เดือน) | ไม่มีบริการ,60,449,50% เดือน 1-12,No Service 5Y,60,449,•Advance payment 50% 12 บลิ แรก,0,MATCH,Price list_Aug_V3.pdf,51,high,PDF advance payment: ฿2694 | Current advance payment: ฿2694 | PDF policy: NOSERVICE_5Y_PRO_ADV50%(12M)
S70TY,s70ty,ซาวด์บาร์ LG Dolby Atmos 3.1.1 ช่อง (400W),Sound bar,ไม่รับบริการ 5 ปี (60 เดือน) | ไม่มีบริการ,60,189,50% เดือน 1-12,No Service 5Y,60,189,•Advance payment 50% 12 บลิ แรก,0,MATCH,Price list_Aug_V3.pdf,51,high,PDF advance payment: ฿1134 | Current advance payment: ฿1134 | PDF policy: NOSERVICE_5Y_PRO_ADV50%(12M)
xboom GRAB,xboom-grab,ลำโพงพกพา LG xboom Grab tuned by will.i.am,Bluetooth Speaker,ไม่รับบริการ 5 ปี (60 เดือน) | ไม่มีบริการ,60,109,50% เดือน 1-12,No Service 5Y,60,109,•Advance payment 50% 12 บลิ แรก,0,MATCH,Price list_Aug_V3.pdf,50,high,PDF advance payment: ฿654 | Current advance payment: ฿654 | PDF policy: NOSERVICE_5Y_PRO_ADV50%(12M)
xboom BOUNCE,xboom-bounce,ลำโพงพกพา LG xboom Bounce by will.i.am,Bluetooth Speaker,ไม่รับบริการ 5 ปี (60 เดือน) | ไม่มีบริการ,60,139,50% เดือน 1-12,No Service 5Y,60,139,•Advance payment 50% 12 บลิ แรก,0,MATCH,Price list_Aug_V3.pdf,50,high,PDF advance payment: ฿834 | Current advance payment: ฿834 | PDF policy: NOSERVICE_5Y_PRO_ADV50%(12M)
xboom STAGE301,xboom-stage301,LG xboom STAGE301 tuned by will.i.am,Bluetooth Speaker,ไม่รับบริการ 5 ปี (60 เดือน) | ไม่มีบริการ,60,299,50% เดือน 1-12,No Service 5Y,60,299,•Advance payment 50% 12 บลิ แรก,0,MATCH,Price list_Aug_V3.pdf,50,high,PDF advance payment: ฿1794 | Current advance payment: ฿1794 | PDF policy: NOSERVICE_5Y_PRO_ADV50%(12M)
